Symbol,Description
AAB,Aberdeen International Inc
AAV,Advantage Oil & Gas Ltd
ABT,Absolute Software Corp
ABX,Barrick Gold Corp
AC,Air Canada
ACB,Aurora Cannabis Inc
ACB.WT,Aurora Cannabis Inc Wts
ACD,Accord Financial
ACI,Altagas Canada Inc
ACO.X,Atco Ltd Cl.I Nv
ACO.Y,Atco Ltd Cl II
ACQ,Autocanada Inc
ACR.UN,Agellan Commercial REIT
ACZ.UN,American Core Sectors Dividend Fund
AD,Alaris Royalty Corp
ADC.UN,First Asset Canadian Convertibles Fund
ADN,Acadian Timber Corp
ADW.A,Andrew Peller Limited Cl.A
ADW.B,Andrew Peller Limited Cl.B
AEF,Acasta Enterprises Inc
AEF.WT,Acasta Enterprises Inc Wts
AEM,Agnico Eagle Mines Limited
AEZS,Aeterna Zentaris Inc
AFN,Ag Growth International Inc
AFN.DB.B,Ag Growth International 5.25 Pct Debs
AFN.DB.C,Ag Growth Intl Inc 5.00 Pct Debs
AFN.DB.D,Ag Growth Intl Inc 4.85 Pct Debs
AFN.DB.E,Ag Growth Intl Inc 4.50 Pct Debs
AGF.B,AGF Management Ltd Cl.B Nv
AGI,Alamos Gold Inc Cls A
AGI.WT.A,Alamos Gold Inc Warrants A
AGT,Agt Food and Ingredients Inc
AHY.UN,Advantaged CDN High Yield Bond Fund
AI,Atrium Mortgage Investment Corp
AI.DB,Atrium Mortgage Inv Corp 5.25 Pct Debs
AI.DB.A,Atrium Mortgage Inv Corp 6.25 Pct Debs
AI.DB.B,Atrium Mortgage Inv Corp 5.50 Pct Debs
AI.DB.C,Atrium Mortgage Inv Corp 5.30 Pct Debs
AI.DB.D,Atrium Mortgage Inv Corp 5.50 Pct Debs
AIF,Altus Group Limited
AII,Almonty Industries Inc
AIM,Aimia Inc
AIM.PR.A,Aimia Inc Pref Ser 1
AIM.PR.B,Aimia Inc Pref Ser 2
AIM.PR.C,Aimia Inc Pref Ser 3
AJX,Agjunction Inc
AKG,Asanko Gold Inc
AKT.A,Akita Drilling Ltd Cl.A Nv
AKT.B,Akita Cl B
AKU,Akumin Inc
AKU.U,Akumin Inc
ALA,Altagas Ltd
ALA.PR.A,Altagas Ltd Pref A
ALA.PR.B,Altagas Ltd Pref Ser B
ALA.PR.E,Altagas Ltd Pref Ser E
ALA.PR.G,Altagas Ltd Pref G
ALA.PR.I,Altagas Ltd Pref Ser I
ALA.PR.K,Altagas Ltd Pref Ser K
ALA.PR.U,Altagas Ltd Pref Ser C
ALB,Allbanc Split Banc Corp II
ALB.PR.C,Allbanc Split Corp II Pref Ser 2
ALC,Algoma Central
ALC.DB.A,Algoma Central Corp 5.25 Pct Debs
ALO,Alio Gold Inc
ALS,Altius Minerals Corp
ALYA,Alithya Group
AMM,Almaden Minerals Ltd
ANX,Anaconda Mining Inc
AOI,Africa Oil Corp
AP.UN,Allied Properties Real Estate Inv Trust
APH,Aphria Inc
APHA,Aphria Inc
APR.UN,Automotive Properties REIT
APS,Aptose Biosciences Inc
APY,Anglo Pacific Group Plc
AQA,Aquila Resources Inc
AQN,Algonquin Power and Utilities Corp
AQN.PR.A,Algonquin Power and Utilities Pref A
AQN.PR.D,Algonquin Power and Utilities Pref D
AQY.A,Alignvest Acquisition II Corp Cl A
AR,Argonaut Gold Inc
ARE,Aecon Group Inc
ARE.DB.B,Aecon Group Inc 5.50 Pct Debs
ARE.DB.C,Aecon Group Inc 5.0 Pct Debs
ARG,Amerigo Resources Ltd
ARX,Arc Resources Ltd
ASM,Avino Silver and Gold Mines Ltd
ASM.WT,Avino Silver and Gold Mines Ltd Wts
ASND,Ascendant Resources Inc
ASND.WT,Ascendant Resources Inc Wts
ASO,Avesoro Resources Inc
ASP,Acerus Pharmaceuticals Corp
ASP.WT,Acerus Pharmaceuticals Corp Wts
ASR,Alacer Gold Corp
ATA,Ats Automation
ATD.A,Alimentation Couche-Tard Inc Cl A Mv
ATD.B,Alimentation Couche-Tard Inc Cl B Sv
ATH,Athabasca Oil Corp
ATL,Atlatsa Resources Corp
ATP,Atlantic Power Corp
ATP.DB.D,Atlantic Power Corp 6.00 Pct Ser D Debs
ATP.DB.E,Atlantic Power Corporation 6.00 Pct Debs
ATZ,Aritzia Inc
AUG,Auryn Resources Inc
AUMN,Golden Minerals Company
AUP,Aurinia Pharmaceuticals Inc
AVL,Avalon Advanced Materials Inc
AVP,Avcorp Industries Inc
AW.UN,A&W Revenue Royalties Income Fund
AX.PR.A,Artis REIT Pref Ser A
AX.PR.E,Artis REIT Pref Ser E
AX.PR.G,Artis REIT Pref Ser G
AX.PR.I,Artis REIT Pref Series I
AX.UN,Artis Real Estate Investment Trust Units
AXR,Alexco Resource Corp
AYM,Atalaya Mining Plc
AZP.PR.A,Atlantic Power Pref Equity Ser 1
AZP.PR.B,Atlantic Power Pref Equity Ser 2
AZP.PR.C,Atlantic Power Pref Equity Ser 3
AZZ,Azarga Uranium Corp
BAD,Badger Daylighting Ltd
BAM.A,Brookfield Asset Management Inc Cl.A Lv
BAM.PF.A,Brookfield Asset Mgmt Inc Pref Ser 32
BAM.PF.B,Brookfield Asset Mgmt Inc Pref Ser 34
BAM.PF.C,Brookfield Asset Mgmt Inc Pref Ser 36
BAM.PF.D,Brookfield Asset Mgmt Inc Pr Ser 37
BAM.PF.E,Brookfield Asset Mgmt Pref Ser 38
BAM.PF.F,Brookfield Asset Mgmt Inc Pref Ser 40
BAM.PF.G,Brookfield Asset Mgmt Inc Pref Ser 42
BAM.PF.H,Brookfield Asset MGT Inc Pref Ser 44
BAM.PF.I,Brookfield Asset Mgmt Inc Pref Ser 46
BAM.PF.J,Brookfield Asset Mgmt Inc Pref Ser 48
BAM.PR.B,Brookfield Asset Mgmt Inc Pr. Ser 2
BAM.PR.C,Brookfield Asset Mgmt Inc Pr. Ser 4
BAM.PR.E,Brookfield Asset Mgmt Inc Pr. Ser 8
BAM.PR.G,Brookfield Asset Mgmt Inc Pr Ser 9
BAM.PR.K,Brookfield Asset Mgmt Inc Pr. Ser 13
BAM.PR.M,Brookfield Asset Mgmt Inc Prf A Ser 17
BAM.PR.N,Brookfield Asset Mgmt Pref Shs Ser 18
BAM.PR.R,Brookfield Asset Mgmt Pref Ser 24
BAM.PR.S,Brookfield Asset Mgmt Inc Pref Ser 25
BAM.PR.T,Brookfield Asset Mgmt Pref Ser 26
BAM.PR.X,Brookfield Am Pref Ser 28
BAM.PR.Z,Brookfield Asset Mgmt Inc Pr Ser 30
BANK,BMO Glb Banks Hgd To CAD ETF
BAR,Balmoral Resources Ltd
BB,Blackberry Limited
BBD.A,Bombardier Inc Cl. A Mv
BBD.B,Bombardier Inc Cl. B Sv
BBD.PR.B,Bombardier 2 Pr
BBD.PR.C,Bombardier Inc Pref Class C
BBD.PR.D,Bombardier Inc Pref Ser 3
BBL.A,Brampton Brick Ltd Cl.A Sv
BBU.UN,Brookfield Business Partners LP
BCB,Cott Corp
BCE,BCE Inc
BCE.PR.A,BCE First Pr Shares Series Aa
BCE.PR.B,BCE Inc First Pr Shares Series Ab
BCE.PR.C,BCE Inc Pr Shares Series AC
BCE.PR.D,BCE Inc Pref Shares Series Ad
BCE.PR.E,BCE 1st Pref Shares Series Ae
BCE.PR.F,BCE 1st Pref Shares Series Af
BCE.PR.G,BCE 1st Pref Shares Series Ag
BCE.PR.H,BCE 1st Pref Shares Series Ah
BCE.PR.I,BCE 1st Pref Shares Series Ai
BCE.PR.J,BCE Inc Pref Sh Series Aj
BCE.PR.K,BCE Inc Pref Ser AK
BCE.PR.L,BCE Inc Pref Ser Al
BCE.PR.M,BCE Inc Pref Shares Series Am
BCE.PR.N,BCE Inc Pref Shares Series An
BCE.PR.O,BCE Inc Pref Shares Series Ao
BCE.PR.Q,BCE Inc Pref Shares Series Aq
BCE.PR.R,BCE Inc Ser R
BCE.PR.S,BCE Inc Ser S
BCE.PR.T,BCE Inc First Pref Series T
BCE.PR.Y,BCE Inc Ser Y Pr
BCE.PR.Z,BCE Inc Series Z
BCI,New Look Vision Group Inc
BDI,Black Diamond Group Ltd
BDT,Bird Construction Inc
BEI.UN,Boardwalk Real Estate Investment Trust
BEK.B,Becker Milk Company Ltd Cl.B Nv
BEP.PR.E,Brookfield Renewable LP Pref Ser 5
BEP.PR.G,Brookfield Renewable LP Pref Ser 7
BEP.PR.I,Brookfield Renewable Pref Ser 9
BEP.PR.K,Brookfield Renewable LP Pref Ser 11
BEP.PR.M,Brookfield Renewable LP Pref Ser 13
BEP.UN,Brookfield Renewable Partners LP
BFIN,Brompton Na Financials Dividend ETF
BGC,Bristol Gate Concentrated CDN Eqty ETF
BGI.UN,Brookfield Glbl Infras Sec Inc Fd
BGU,Bristol Gate Concentrated US Eqty ETF
BGU.U,Bristol Gate Conc US Eqty ETF USD
BHC,Bausch Health Companies Inc
BIG.D,Big 8 Split Inc Class D
BIG.PR.D,Big 8 Split Inc Pref Class D
BIP.PR.A,Brookfield Infra Partners LP Pref Ser 1
BIP.PR.B,Brookfield Infra Partners LP Pref Ser 3
BIP.PR.C,Brookfield Infra Partners LP Pref Ser 5
BIP.PR.D,Brookfield Infra Partners LP Pref Ser 7
BIP.PR.E,Brookfield Infra Partners LP Pref Ser 9
BIP.PR.F,Brookfield Infra Partners LP Pref Ser 11
BIP.UN,Brookfield Infra Partners LP Units
BIR,Birchcliff Energy Ltd
BIR.PR.A,Birchcliff Energy Ltd Pref Sh A
BIR.PR.C,Birchcliff Energy Ltd Pref Ser C
BK,Canadian Banc Corp
BK.PR.A,Canadian Banc Corp Pref A
BKCH,Horizons Blockchain Tech Hardware ETF
BKI,Black Iron Inc
BKL.C,Powershares Senior Loan Index ETF
BKL.F,Powershares Senior Loan Index ETF
BKL.U,Powershares Senior Loan Index USD ETF
BKX,Bnk Petroleum Inc
BL.UN,Global Innovation Dividend Fund
BLB.UN,Bloom Select Income Fund
BLCK,First Trust Indxx Innov Trans Proc ETF
BLDP,Ballard Power Systems Inc
BLU,Bellus Health Inc
BLX,Boralex Inc
BLX.DB.A,Boralex Inc 4.5 Pct Debs
BMO,Bank of Montreal
BMO.PR.A,BMO Pref Shares Series 26
BMO.PR.B,BMO Pref Shares Series 38
BMO.PR.C,BMO Pref Shares Series 40
BMO.PR.D,BMO Pref Shares Series 42
BMO.PR.E,BMO Pref Shares Series 44
BMO.PR.Q,Bank of Montreal B Pref Sh Ser 25
BMO.PR.S,BMO Cl B Pref Shares Ser 27
BMO.PR.T,BMO Non Cum Cl B Prf Share Series 29
BMO.PR.W,BMO Cl B Pref Shares Ser 31
BMO.PR.Y,Bank of Montreal Pref Ser 33
BMO.PR.Z,Bank of Montreal Pref Ser 35
BNC,Purpose CDN Financial Income Fund ETF
BND,Purpose Tactical Inv Grade Bond ETF
BNE,Bonterra Energy Corp
BNG,Bengal Energy Ltd
BNP,Bonavista Energy Corp
BNS,Bank of Nova Scotia
BNS.PR.B,Bns Pref Shares Series 21
BNS.PR.C,Bns Pref Ser 23
BNS.PR.D,Bns Pref Shares Series 31
BNS.PR.E,Bns Pref Shares Series 34
BNS.PR.F,Bns Pref Shares Series 33
BNS.PR.G,Bns Pref Shares Series 36
BNS.PR.H,Bns Pref Shares Series 38
BNS.PR.I,Bns Preferred Shares Series 40
BNS.PR.Q,Bns Pref Shares Series 20
BNS.PR.R,Bns Non Cum Pref Ser 22
BNS.PR.Y,Bank of Nova Scotia 5 Yr Pref Ser 30
BNS.PR.Z,Bns Pref Ser 32
BOS,Airboss America J
BOY,Boyuan Construction Group Inc
BOY.DB.A,Boyuan Constr Grp Inc 11.5 Pct Dbs A
BPF.UN,Boston Pizza Royalties Income Fund
BPO.PR.A,Brookfield Office Properties Pref Ser Aa
BPO.PR.C,Brookfield Office Properties Pref Ser CC
BPO.PR.E,Brookfield Office Properties Pref Ser Ee
BPO.PR.G,Brookfield Office Properties Pref Ser G
BPO.PR.I,Brookfield Office Properties Pref Ser II
BPO.PR.N,Brookfield Office Properties Pref Ser N
BPO.PR.P,Brookfield Office Properties Pref Ser P
BPO.PR.R,Brookfield Office Properties Pref Ser R
BPO.PR.S,Brookfield Office Properties Pref Ser S
BPO.PR.T,Brookfield Office Properties Pref Ser T
BPO.PR.W,Brookfield Office Properties Pref Ser W
BPO.PR.X,Brookfield Office Properties Pref Ser V
BPO.PR.Y,Brookfield Office Properties Pref Ser Y
BPS.PR.A,Brookfield Property Split Pref Ser 2
BPS.PR.B,Brookfield Property Split Pref Ser 3
BPS.PR.C,Brookfield Property Split Pref Ser 4
BPS.PR.U,Brookfield Property Split Pref Ser 1
BPY.UN,Brookfield Property Partners LP
BR,Big Rock Brewery Inc
BRB,Brick Brewing J
BRE,Brookfield Real Estate Services Inc
BRF.PR.A,Brookfield Renewable Pref Cl A Ser 1
BRF.PR.B,Brookfield Renewable Pref Cl A Ser 2
BRF.PR.C,Brookfield Renewable Power Pref Eqty Inc
BRF.PR.E,Brookfield Renewable Power Pref Eqt Sr 5
BRF.PR.F,Brookfield Renewable Power Pref Eqt Sr 6
BRY,Bri Chem Corp
BSC,Bns Split Corp II
BSC.PR.C,Bns Split Corp II Pref B Series 2
BSD.PR.A,Brookfield Soundvest Split Trust Pref
BSD.UN,Brookfield Soundvest Split Trust
BSO.UN,Brookfield Select Opportunities Inc Fund
BSX,Belo Sun Mining Corp
BTB.DB.E,Btb REIT 6.90 Pct Debs
BTB.DB.F,Btb REIT 7.15 Pct Debs
BTB.UN,Btb REIT Units
BTE,Baytex Energy Corp
BTO,B2Gold Corp
BU,Burcon Nutrascience Corp
BUA.UN,Bloom US Income and Growth Fund
BUI,Buhler Ind
BXE,Bellatrix Exploration Ltd
BXE.DB,Bellatrix Exploration Ltd 6.75 Pct Debs
BXF,First Asset 1 To 5 Yr Lad Gov Stp Bd ETF
BXS.DB.C,Barclays Bank Fixed Rate Notes I 28
BYD.UN,Boyd Group Income Fund
BYL,Baylin Technologies Inc
BYL.DB,Baylin Technologies Inc 6.5 Pct Debs
CAE,Cae Inc
CAGG,Wisdomtree Yld Enh CDN Agrt Bondetf
CAGS,Wisdomtree Yld Enh CDN ST Agg Bdetf
CAL,Caledonia Mining Corporation Plc
CALL,Evolve US Banks Enhanced Yield ETF
CALL.B,Evolve US Banks Enhanced Yield Unheg
CAN,Horizons Canadian Dollar Currency ETF
CAPS,Evolve Active US Core Equity ETF
CAPS.B,Evolve Active US Core Equity Unheg
CAR.UN,CDN Apartment Un
CARS,Evolve Automobile Innovation Idx Hgd ETF
CARS.B,Evolve Automobile Innovation Idx Uh ETF
CAS,Cascades Inc
CBD,Ishares Balanced Income Core ETF
CBH,Ishares 1-10 Yr Laddered Corp Bond ETF
CBL,Callidus Capital Corp
CBN,Ishares Balanced Growth Core ETF
CBO,Ishares 1-5Yr Laddered Corp Bond ETF
CBT.UN,June 2020 Corporate Bond Trust
CCA,Cogeco Communications Inc
CCI.UN,Canadian Convertibles Plus Fund
CCL.A,Ccl Inc Cl A
CCL.B,Ccl Industries Inc Cl. B Nv
CCM,Canarc Res J
CCO,Cameco Corp
CCS.PR.C,Co-Operators Gen Ins Cl E Prf
CCX,Canadian Crude Oil Index ETF
CCZ,Critical Control Energy Services Corp
CCZ.PR.A,Critical Control Energy Svcs Corp Pr A
CDAY,Ceridian Hcm Holdings Inc
CDD.UN,Core Canadian Dividend Trust
CDH,Corridor Resources Inc
CDV,Cardinal Resources Limited
CDZ,Ishares S&P TSX CDN Dividend ETF
CED,First Asset Core CDN Equity ETF
CEE,Centamin Plc
CEF,Sprott Physical Gold Silver Trust
CEF.U,Central Fund of Canada Ltd Cl.U Nv
CERV,Cervus Equipment Corp
CES,First Asset Core US Equity ETF
CES.B,First Asset Core US Equity ETF Unhgd
CET,Cathedral Energy Services Ltd
CEU,Ces Energy Solutions Corp
CEW,Ishares Equal Weight Banc Lifeco ETF
CF,Canaccord Genuity Group Inc
CF.DB.A,Canaccord Genuity Group 6.25 Pct Debs
CF.PR.A,Canaccord Genuity Group Inc Pref A
CF.PR.C,Canaccord Genuity Group Inc Pref C
CFF,Conifex Timber Inc
CFP,Canfor Corp
CFW,Calfrac Well Services Ltd
CFX,Canfor Pulp Products Inc
CG,Centerra Gold Inc
CGG,China Gold Int Resources Corp
CGI,CDN General Inv
CGI.PR.D,Canadian General Inv Ltd Pref Ser 4
CGL,Ishares Gold Bullion ETF Hdg
CGL.C,Ishares Gold Bullion ETF Non Hdg
CGO,Cogeco Inc Sv
CGR,Ishares Global Real Estate ETF
CGT,Columbus Gold Corp
CGX,Cineplex Inc
CGX.DB.A,Cineplex Inc 4.50 Pct Debs
CGY,Calian Group Ltd
CHB,Ishares US HY Fixed Income Index ETF
CHE.DB.B,Chemtrade Logistics If 5.25 Pct Debs
CHE.DB.C,Chemtrade Logistics Income Fund 5.0 Debs
CHE.DB.D,Chemtrade Logistics Inc Fd 4.75 Pct Debs
CHE.UN,Chemtrade Logistics Income Fund
CHH,Centric Health Corp
CHNA.B,Wisdomtree Icbccs S&P China 500 Idx ETF
CHP.UN,Choice Properties REIT
CHR,Chorus Aviation Inc
CHW,Chesswood Group Limited
CIA,Champion Iron Limited
CIC,First Asset Canbanc Income Class ETF
CIF,Ishares Global Infrastructure Index ETF
CIGI,Colliers International Group Inc
CIQ.UN,Canadian High Income Equity Fund
CIU.PR.A,Cu Inc Pref Shares
CIU.PR.C,Cu Inc Pref Ser 4
CIX,Ci Financial Corp
CJ,Cardinal Energy Ltd
CJ.DB,Cardinal Energy Ltd 5.50 Pct Debs
CJR.B,Corus Entertainment Inc Cl.B Nv
CJT,Cargojet Inc
CJT.A,Cargojet Inc Variable Voting Shs
CJT.DB.C,Cargojet Inc 4.65 Pct Debs
CJT.DB.D,Cargojet Inc 5.75 Pct Debs
CKE,Chinook Energy Inc
CKI,Clarke Inc
CLF,Ishares 1-5 Yr Ladder Govt Bond ETF
CLG,Ishares 1-10 Yr Ladder Govt Bond ETF
CLIQ,Alcanna Inc.
CLIQ.DB,Alcanna Inc 4.70 Pct Debs
CLQ,Clean Teq Holdings Limited
CLR,Clearwater Seafoods Incorporated
CLS,Celestica Inc Sv
CM,Canadian Imperial Bank of Commerce
CM.PR.O,Cibc Pref Ser 39
CM.PR.P,Cibc Pref Ser 41
CM.PR.Q,Cibc Pref Ser 43
CM.PR.R,Cibc Pref Ser 45
CM.PR.S,Cibc Pref Series 47
CMG,Computer Modelling Group Ltd
CMH,Carmanah Technologies Corp
CMMC,Copper Mountain Mining Corp
CMR,Ishares Premium Money Market ETF
CNE,Canacol Energy Ltd
CNL,Continental Gold Inc
CNQ,CDN Natural Res
CNR,Canadian National Railway Co.
CNT,Century Global Commodities Corp
CNU,Cnooc Limited
COG,Condor Gold Plc
COMM,BMO Global Communications Index ETF
COP,Coro Mining Corp
CORP,Exemplar Investment Grade Fund
CORV,Correvio Pharma Corp
COW,Ishares Global Agri Index ETF
CP,Canadian Pacific Railway Limited
CPD,Ishares S&P TSX CDN Pref ETF
CPG,Crescent Point Energy Corp
CPH,Cipher Pharmaceuticals Inc
CPI,Condor Petroleum Inc
CPX,Capital Power Corp
CPX.PR.A,Capital Power Corporation Pref Ser 1
CPX.PR.C,Capital Power Corp Pref Ser 3
CPX.PR.E,Capital Power Corporation Pref Ser 5
CPX.PR.G,Capital Power Corporation Pref Ser 7
CPX.PR.I,Capital Power Corporation Pref Ser 9
CQE,Cequence Energy Ltd
CR,Crew Energy Inc
CRH,CRH Medical Corp
CRON,Cronos Group Inc
CRP,Ceres Global Ag Corp
CRR.UN,Crombie Real Estate Investment Trust
CRT.UN,Ct Real Estate Investment Trust
CRWN,Crown Capital Partners Inc
CRWN.DB,Crown Capital Partners Inc 6.0 Pct Debs
CS,Capstone Mining Corp
CSD,Ishares Short Dur Hi Inc ETF CAD Hgd
CSE.PR.A,Capstone Infrastructure Corp Pref A
CSH.UN,Chartwell Retirement Residences
CSM,Clearstream Energy Services Inc
CSU,Constellation Software Inc
CSU.DB,Constellation Software Inc Debs Ser 1
CSW.A,Corby Spirit and Wine Ltd Class A
CSW.B,Corby Spirit and Wine Ltd Class B
CSY,Fa Core Can Equity Inc Class ETF
CTC,Canadian Tire Corporation Limited
CTC.A,Canadian Tire Corporation Cl. A Nv
CTF.UN,Citadel Income Fund
CTX,Crescita Therapeutics Inc
CU,Canadian Utilities Ltd Cl.A Nv
CU.PR.C,Canadian Utilities Limited Pref Ser C
CU.PR.D,Canadian Utilities Ltd Pr Series Aa
CU.PR.E,Canadian Utilities Ltd Pref Ser Bb
CU.PR.F,Canadian Utilities Ltd Pref Ser CC
CU.PR.G,Canadian Utilities Ltd Pref Ser Dd
CU.PR.H,Canadian Utilities Ltd Pref Ser Ee
CU.PR.I,Canadian Utilities Ltd Pref Ser Ff
CU.X,CDN Util Cl B
CUD,Ishares S&P US Div Growers ETF
CUF.UN,Cominar R E Un
CUP.U,Caribbean Util US
CVD,Ishares Convertible Bond Index ETF
CVE,Cenovus Energy Inc
CVG,Clairvest Group
CWB,CDN Western Bank
CWB.PR.B,Canadian Western Bank Pref Ser 5
CWB.PR.C,Canadian Western Bank Pref Ser 7
CWI,Crosswinds Holdings Inc
CWL,Caldwell Partners International Inc
CWW,Ishares S&P Global Water ETF
CWX,Canwel Building Materials Group Ltd
CWX.NT.A,Canwel Build Materials 6.375 Pct Notes
CXF,First Asset CDN Convert Bond ETF
CXI,Currency Exchange International Corp
CXN,Chalice Gold Mines Limited
CXR,Concordia International Corp
CXR.U,Concordia International Corp USD
CYB,Cymbria Corporation Cl A
CYBR,Evolve Cyber Security Index Hgd ETF
CYBR.B,Evolve Cyber Security Index Uh ETF
CYH,Ishares Global Monthly Dividend ETF
D.UN,Dream Office REIT
DBO,Dbox Technologies Inc
DC.A,Dundee Corp Cl.A Sv
DC.PR.B,Dundee Corp First Pref Ser 2
DC.PR.D,Dundee Corp Pref Ser 3
DC.PR.E,Dundee Corp First Pref Shares Series 5
DC.WT,Dundee Corp Class A Wts
DCC,Desjardins 1To5 Yr Lad CDN Corp Bd ETF
DCD.UN,First Asset Diversified Conv. Deb. Fund
DCF,Difference Capital Financial Inc
DCG,Desjardins 1To5 Yr Lad CDN Govt Bd ETF
DCM,Data Communications Mgmt Corp
DCP,Desjardins CDN Pref Share ETF
DCS,Desjardins CDN Short Term Bd ETF
DCU,Desjardins CDN Universe Bond Index ETF
DEE,Delphi Energy Corp
DEE.NT,Delphi Energy Corp 10 Pct Notes
DEE.WT,Delphi Energy Corp Wts
DF,Dividend 15 Split Corp II
DF.PR.A,Dividend 15 Split Corp II Prf
DFC,Desjardins Cda Multifactor Ctrl Vol ETF
DFD,Desjardins Dev Xus Xcda Mltifact Vol ETF
DFE,Desjardins EM Multifactor-Controlled Volatility
DFN,Dividend 15 Split Corp
DFN.PR.A,Dividend 15 Split Corp
DFU,Desjardins USA Multifactor Ctrl Vol ETF
DGC,Detour Gold Corp
DGR,Wisdomtree US Qlty Div Gwth ETF
DGR.B,Wisdomtree US Qlty Div Gwth ETF Nh
DGRC,Wisdomtree CDN Quality Div Grth Idx ETF
DGS,Dividend Growth Split Corp Class A
DGS.PR.A,Dividend Growth Split Corp Pref
DHX,Dhx Media Ltd
DHX.DB,Dhx Media Ltd 5.875 Pct Debs
DIAM,Star Diamond Corp
DII.A,Dorel Industries Inc Cl.A Mv
DII.B,Dorel Industries Inc Cl.B Sv
DII.DB.U,Dorel Industries Inc 5.50 Pct Debs USD
DIR.UN,Dream Industrial REIT
DISC,BMO Glb Consumer Disc Hgd To CAD ETF
DIV,Diversified Royalty Corp
DIV.DB,Diversified Royalty Corp 5.25 Pct Debs
DIVS,Evolve Active CDN Pref Share ETF
DLR,Horizons US Dollar Currency ETF
DLR.U,Horizons US Dollar Currency ETF USD
DML,Denison Mines Corp
DNG,Dynacor Gold Mines Inc
DNT,Candente Copper Corp
DOL,Dollarama Inc
DOO,Brp Inc
DPM,Dundee Precious Metals Inc
DQD,Wisdomtree US Qlty Div Gwth Var Hgd ETF
DQI,Wisdomtree Intl Qlty Div Gwth Var Hgd
DR,Medical Facilities Corp
DR.DB.A,Medical Facilities Corp 5.90 Pct Debs
DRA.UN,Dream Hard Asset Alternatives Trust
DRCU,Desjardins Ri Active Canadian Bond-Low C
DRG.UN,Dream Global REIT
DRM,Dream Unlimited Corp
DRM.PR.A,Dream Unlimited Corp Pref Ser 1
DRMC,Desjardins Ri Canada-Low Co2 Index ETF
DRMU,Desjardins Ri USA Low Co2 Index ETF
DRT,Dirtt Environmental Solutions Ltd
DRX,Adf Group Inc Sv
DS,Dividend Select 15 Corp
DSG,Descartes Sys
DSL.UN,Doubleline Income Solutions Trust Units
DW,Datawind Inc
DXB,Dynamic Ishares Act Tactical Bond ETF
DXC,Dyn Ishares Active CDN Div ETF
DXF,Dynamic Ishares Act Global Fin Ser ETF
DXG,Dyn Ishares Active Global Div ETF
DXI,Dxi Energy Inc
DXM,F A Morningstar Cda Div Tgt 30 ETF
DXO,Dyn Ishares Act Crossover Bond ETF
DXP,Dyn Ishares Active Pref Shares ETF
DXU,Dyn Ishares Active US Div ETF
DXV,Dyn Ishares Act Inv Grd Flot Rt ETF
E,Enterprise Group Inc
EBC.UN,Europe Blue Chip Div and Growth Fund
ECA,Encana Corp
ECF.UN,East Coast Invest Grade Income Fd
ECN,Ecn Capital Corp
ECN.PR.A,Ecn Capital Corp Pref Ser A
ECN.PR.C,Ecn Capital Corp Pref Ser C
ECO,Ecosynthetix Inc
ECS,Ecobalt Solutions Inc
ECS.WT,Ecobalt Solutions Inc Wts
EDGE,Evolve Innovation Index ETF
EDGF.UN,European Dividend Growth Fund
EDR,Endeavour Silver Corp
EDT,Spectral Medical Inc
EDV,Endeavour Mining Corp
EF.UN,European Focused Dividend Fund
EFH,Echelon Financial Holdings Inc
EFL,Electrovaya Inc
EFN,Element Fleet Management Corp
EFN.DB,Element Fleet Mgmt Corp 5.125 Pct Debs
EFN.DB.A,Element Fleet Mgmt Corp 4.25 Pct Debs
EFN.PR.A,Element Fleet Mgmt Corp Pref Ser A
EFN.PR.C,Element Fleet Mgmt Corp Pref Ser C
EFN.PR.E,Element Fleet Mgmt Corp Pref Ser E
EFN.PR.G,Element Fleet Mgmt Corp Pref Ser G
EFN.PR.I,Element Fleet Mgmt Corp Pref Ser I
EFR,Energy Fuels Inc
EFR.DB,Energy Fuels Inc Debs
EFR.WT,Energy Fuels Inc Wts
EFX,Enerflex Ltd
EGIF,Exemplar Growth and Income Fund ETF
EGL,Eagle Energy Inc
EHE,Wisdomtree Europe Hedged Eqty ETF
EHE.B,Wisdomtree Europe Hedged Eqty ETF Nh
EIF,Exchange Income Corp
EIF.DB.G,Exchange Income Corp 6.0 Pct Debs
EIF.DB.H,Exchange Income Corp 5.25 Pct Debs
EIF.DB.I,Exchange Income Corp 5.25 Pct Debs
EIF.DB.J,Exchange Income Corp 5.35 Pct Debs
EIT.PR.A,Canoe Eit Income Fund Pref Ser 1
EIT.PR.B,Canoe Eit Income Fund Pref Ser 2
EIT.UN,Canoe Eit Income Fund Units
ELD,Eldorado Gold
ELF,E-L Financial
ELF.PR.F,E-L Financial Corp Ltd Pr Ser. 1
ELF.PR.G,E- L Financial Corp Limited
ELF.PR.H,E - L Financial Corp Ltd Pref Ser 3
ELR,Eastern Platinum Limited
ELV,Powershares S&P Emg Mkts Low Vol ETF
EMA,Emera Incorporated
EMA.PR.A,Emera Inc Series A Pref
EMA.PR.B,Emera Inc Pref Sh Series B
EMA.PR.C,Emera Inc Pref Sh Series C
EMA.PR.E,Emera Inc Pref Ser E
EMA.PR.F,Emera Inc Series F Pref
EMA.PR.H,Emera Inc Pref Series H
EML.PR.A,The Empire Life Insurance Co Pref A
EMP.A,Empire Company Limited
EMV.B,Wisdomtree Emerging Mkts Div Idx ETF
ENB,Enbridge Inc
ENB.PF.A,Enbridge Inc Pref Ser 9
ENB.PF.C,Enbridge Inc Pref Ser 11
ENB.PF.E,Enbridge Inc Pref Ser 13
ENB.PF.G,Enbridge Inc Pref Ser 15
ENB.PF.I,Enbridge Inc Pref Ser 17
ENB.PF.K,Enbridge Inc Pref Series 19
ENB.PF.U,Enbridge Inc Pref Ser L
ENB.PF.V,Enbridge Inc Pref Ser 5 USD
ENB.PR.A,Enbridge Pr
ENB.PR.B,Enbridge Inc Cum Redeem Pref Ser B
ENB.PR.C,Enbridge Inc Pref Ser C
ENB.PR.D,Enbridge Inc Pref Ser D
ENB.PR.F,Enbridge Inc Pref Ser F
ENB.PR.H,Enbridge Inc Pref Ser H
ENB.PR.J,Enbridge Inc Pref Ser 7
ENB.PR.N,Enbridge Inc Pref Ser N
ENB.PR.P,Enbridge Inc Pref Ser P
ENB.PR.T,Enbridge Inc Pref Ser R
ENB.PR.U,Enbridge Inc Pref Sh Series J
ENB.PR.V,Enbridge Inc Pref Ser 1
ENB.PR.Y,Enbridge Inc Cum Red Pref Ser 3
ENGH,Enghouse Systems Limited
ENI.UN,Energy Income Fund
ENS,E Split Corp
ENS.PR.A,E Split Corp Pref Shares
ENT,Entrec Corp
ENT.DB,Entrec Corporation 8.5 Pct Debs
EOX,Euromax Resources Ltd
EPS,Epsilon Energy Ltd
EQB,Equitable Group Inc
EQB.PR.C,Equitable Group Inc Pref Ser 3
EQL,Invesco S&P 500 Eql Weight Idx ETF
EQL.F,Invesco S&P 500 Eql Weight Idx ETF Hgd
EQL.U,Invesco S&P 500 Eql Weight Idx ETF USD
ER,Eastmain Res J
ERD,Erdene Resource Development Corp
ERF,Enerplus Corp
ERM,Eclipse Residential Mortgage Inv Corp
ERO,Ero Copper Corp
ESI,Ensign Energy Services Inc
ESM,Euro Sun Mining Inc
ESN,Essential Energy Services Ltd
ESP,Espial Group Inc
ET,Evertz Technologies Limited
ETAC,Equium Global Tactical Allocation Fund
ETG,Entree Resources Ltd
ETP,First Trust Global Risk Managed Inc ETF
ETX,Etrion Corp
EUR,First Trust Alphadex Euro Div ETF
EVT,Economic Investment
EXE,Extendicare Inc
EXE.DB.C,Extendicare Inc 5 Pct Debs
EXF,Exfo Inc
EXN,Excellon Resources Inc
FAH.U,Fairfax Africa Holdings Corp
FAI,Fa Active Utility and Infrastructure ETF
FAO,First Asset Active Credit ETF
FAO.U,First Asset Active Credit ETF USD
FAP,Aberdeen Asia-Pacific Income Invest Ltd
FAR,Foraco International Sa
FBE,First Asset Canadian Buyback Index ETF
FBU,First Asset US Buyback Index ETF
FC,Firm Capital Mortgage Inv. Corp
FC.DB.B,Firm Capital Mtg Inv Corp 5.40 Pct Debs
FC.DB.C,Firm Capital Mortgage Inv 5.25 Pct Debs
FC.DB.D,Firm Capital Mortgage Inv 4.75 Pct Debs
FC.DB.E,Firm Cap Mtg Invest Corp 5.30 Pct Debs
FC.DB.F,Firm Capital Mortgage 5.50 Pct Debs
FC.DB.G,Firm Capital Mortgage Inv 5.20 Pct Debs
FC.DB.H,Firm Capital Mortgage 5.30 Pct Debs
FC.DB.I,Firm Capital Mtg Inv Corp 5.40 Pct Debs
FCCD,Fidelity CDN High Div Index ETF
FCID,Fidelity Intl High Dividend Index ETF
FCR,First Capital Realty Inc
FCRH,Fidelity US Div Rising Rates Cur Neu Idx
FCRR,Fidelity US Div For Rising Rates Idx ETF
FCS.PR.C,Faircourt Split Trust 6.00 Pct Prf C
FCS.UN,Faircourt Split Trust
FCU,Fission Uranium Corp
FCUD,Fidelity US High Div Index ETF
FCUH,Fidelity US High Div Cur Neu Idx ETF
FCW,First Asset Cambridge Global Div Hgd ETF
FCW.B,First Asset Cambridge Global Div Uh ETF
FCY,First Asset Cambridge Core US Equity ETF
FCY.B,First Asset Cambridge Core US Eq ETF Uh
FDE,First Trust Alphadex Emg Mkt Div ETF CAD
FDV,First Asset Active CDN Dividend ETF
FEC,Frontera Energy Corp
FF,First Mining Gold Corp
FFH,Fairfax Financial Holdings Ltd
FFH.PR.C,Fairfax Fncl Holdings Ltd Pref Ser C
FFH.PR.D,Fairfax Fncl Holdings Ltd Pref Ser D
FFH.PR.E,Fairfax Financial Hldngs Pref Ser E
FFH.PR.F,Fairfax Financial Holdings Pref Ser F
FFH.PR.G,Fairfax Financial Hldngs Pref Ser G
FFH.PR.H,Fairfax Fncl Holdings Ltd Pref Ser H
FFH.PR.I,Fairfax Financial Holdings Series I Pref
FFH.PR.J,Fairfax Fncl Holdings Ltd Pref Ser J
FFH.PR.K,Fairfax Financial Holdings Pref Ser K
FFH.PR.M,Fairfax Financial Holdings Pref Ser M
FFH.U,Fairfax Financial Holdings Limited USD
FFI.UN,Flaherty & Crumrine Fixed Income Fund
FFN,North American Financial 15 Split Corp
FFN.PR.A,North American Fin 15 Split Corp Pref
FGB,Fa Short Term Govt Bond Index Class ETF
FGE,Fortress Global Enterprises Inc
FGE.DB.A,Fortress Glb Enterprises Inc 7.0 Pct Deb
FGO,First Asset Enhanced Govt Bond ETF
FGO.U,First Asset Enhanced Govt Bond ETF USD
FGX,Faircourt Gold Income Corp
FHB,First Asset European Bank ETF
FHC,First Trust US Consmr Staples ETF
FHC.F,First Trust Ad US Consumer Staples ETF
FHD,First Trust US Consmr Dscrtn ETF
FHE,First Trust US Energy ETF
FHF,First Trust US Financial ETF
FHG,First Trust US Industrials ETF
FHG.F,First Trust Ad US Industrials ETF
FHH,First Trust US Health Care ETF
FHH.F,First Trust Ad US Health Care ETF
FHI,First Asset Hlth Care Giant Cov Call ETF
FHI.B,First Asset Hlth Care Giant Cov Call Unh
FHM,First Trust US Materials ETF
FHQ,First Trust US Technology ETF
FHQ.F,First Trust Ad US Technology ETF
FHU,First Trust US Utilities ETF
FIE,Ishares CDN Fin Mthly Income ETF
FIG,First Asset Investment Grade Bond ETF
FIG.U,First Asset Invest Grade Bond ETF USD
FIH.U,Fairfax India Holdings Corporation USD
FINT,First Trust Intl Capital Strength ETF
FLB,Fa Long Dur Fixed Inc ETF
FLBA,Franklin Liberty Core Balanced ETF
FLCI,Franklin Liberty CDN Invest Grd Corp ETF
FLDM,Franklin Libertyqt Intl Eqt Index ETF
FLEM,Franklin Libertyqt Emerging Mkts Idx ETF
FLGA,Franklin Liberty Global Agg Bond ETF
FLGD,Franklin Libertyqt Glb Dividend Idx ETF
FLI,First Asset US Cda Lifeco Income ETF
FLOT,Purpose Floating Rate Income Fund ETF
FLOT.B,Purpose Floating Rate Income Fund ETF Nh
FLOT.U,Purpose Floating Rate Income Fund USD
FLRM,Franklin Liberty Risk Mngd CDN Eqt ETF
FLSL,Franklin Liberty Senior Loan ETF
FLUI,Franklin Liberty US Invest Grd Corp ETF
FLUS,Franklin Libertyqt US Eqt Index ETF
FM,First Quantum Minerals Ltd
FN,First National Financial Corp
FN.PR.A,First National Financial Corp Pref A
FN.PR.B,First National Financial Corp Pref B
FNV,Franco-Nevada Corp
FOOD,Goodfood Market Corp
FOUR,Horizons Industry 4.0 Index ETF
FPR,Fa Pref Share ETF
FQC,Fa MSCI Can Quality Index Class ETF
FR,First Majestic Silver Corp Common
FRII,Freshii Inc
FRL.UN,Senior Secured Floating Rate Loan Fund
FRU,Freehold Royalties Ltd
FRX,Fennec Pharmaceuticals Inc
FSB,First Asset Enhanced Sh Dur Bond ETF
FSB.U,First Asset Enhanced Sh Dur Bond ETF USD
FSD,First Trust Sh Dur Hi Yld Bnd ETF
FSD.A,First Trust Sh Dur Hi Yld Bnd ETF Ch
FSF,First Asset Global Financial Sector ETF
FSL,First Trust Senior Loan ETF
FSR,First Trust DW US Sctr Rtn ETF
FST,First Trust CDN Capital Strength ETF
FST.A,First Trust CDN Capital Strength ETF AC
FSV,Firstservice Corp
FSY,Forsys Metals Corp
FSZ,Fiera Capital Corp
FSZ.DB,Fiera Capital Corp 5.0 Pct Debs
FT,Fortune Mnrl J
FTB,First Trust Tactical Bond Index ETF
FTG,Firan Technology Group Corp
FTN,Financial 15 Split Corp
FTN.PR.A,Financial 15 Split Corp
FTS,Fortis Inc
FTS.PR.F,Fortis Inc Pref Shares Series F
FTS.PR.G,Fortis Inc First Pref Ser G
FTS.PR.H,Fortis Inc Pref Ser H
FTS.PR.I,Fortis Inc Pref Ser I
FTS.PR.J,Fortis Inc Pref Ser J
FTS.PR.K,Fortis Inc Pref Ser K
FTS.PR.M,Fortis Inc Pref Ser M
FTT,Finning Intl
FTU,US Financial 15 Split Corp
FTU.PR.B,US Finl 15 Split 2012 Pref Sh
FUD,First Trust Alphadex US Div ETF CAD Hdg
FUT,Fa US Tactical Sector Allocation ETF
FVI,Fortuna Silver Mines Inc
FVL,Freegold Ventures Limited
FXM,F A Morningstar Cda Value ETF
G,Goldcorp Inc
GAF.UN,Global Alpha Worldwide Growth Fund
GBT,Bmtc Group Inc
GC,Great Canadian Gaming Corp
GCG,Guardian Capital
GCG.A,Guardian Capital Group Ltd Cl.A Nv
GCL,Colabor Group Inc
GCL.DB.A,Colabor Group Inc 6.0 Pct Debs
GCM,Gran Colombia Gold Corp
GCM.NT.U,Gran Colombia Gold 5.0 Pct Sil Notes
GCM.WT.A,Gran Colombia Gold Corp
GCM.WT.B,Gran Colombia Gold Corp Wts B
GCT,Gvic Communications Corp Class B
GCT.C,Gvic Communications Corp N.V. Class C
GDC,Genesis Land J
GDG.UN,Global Dividend Growers Income Fund
GDI,Gdi Integrated Facility Services Inc
GDI.DB,Gdi Integrated Fclty Svcs 5.0 Pct Debs
GDL,Goodfellow Inc
GDV,Global Dividend Growth Split Corp
GDV.PR.A,Global Dividend Growth Split Corp Pref A
GEC.UN,Global Real Estate & E-Commerce Dividend
GEI,Gibson Energy Inc
GEI.DB,Gibson Energy Inc 5.25 Pct Debs
GEN,Genenews Limited
GEO,Geodrill Limited
GGA,Goldgroup Mining Inc
GGD,Gogold Resources Inc
GH,Gamehost Inc
GIB.A,CGI Group Inc Cl.A Sv
GIL,Gildan Activewear Inc
GLG,Glg Life Tech Corp
GMO,General Moly Inc
GMP,Gmp Capital Inc
GMP.PR.B,Gmp Capital Inc Series B Pref
GMP.PR.C,Gmp Capital Inc Series C Pref
GMX,Globex Mining Enterprises Inc
GOGO,US Gbl Go Gold Precious Metal ETF
GOLD,Goldmining Inc
GOLD.WT,Goldmining Inc Wts
GOOS,Canada Goose Holdings Inc
GPR,Great Panther Silver Limited
GPS,Bsm Technologies Inc
GQM,Golden Queen Mng J
GQM.WT,Golden Queen Mng Wts
GRL,Global Real Estate Div Growers
GRP.PR.A,Global Resource Champ Split Pref Ser 1
GRT.UN,Granite Real Estate Investment Trust
GS,Gluskin Sheff Associates Inc
GSC,Golden Star
GSV,Gold Standard Ventures Corp
GSY,Goeasy Ltd
GSY.DB,Goeasy Ltd 5.75 Pct Debs
GTE,Gran Tierra Energy Inc
GTMS,Greenbrook Tms Inc
GUD,Knight Therapeutics Inc
GUY,Guyana Goldfields Inc
GVC,Glacier Media Inc
GWO,Great-West Lifeco Inc
GWO.PR.F,Great-West Lifeco Inc
GWO.PR.G,Great-West Lifeco Inc Pr. G
GWO.PR.H,Great-West Lifeco Inc 4.85 % Pr.Ser H
GWO.PR.I,Great-West Lifeco Inc Prf Series I
GWO.PR.L,Great-West Lifeco Inc Pref Ser L
GWO.PR.M,Great West Lifeco Pref Ser M
GWO.PR.N,Great West Lifeco Inc Pref Srs N
GWO.PR.O,Great West Lifeco Pref Ser O
GWO.PR.P,Great West Lifeco Inc 5.4 Pct Pref Sh
GWO.PR.Q,Great West Lifeco Pref Ser Q
GWO.PR.R,Great West Lifeco Inc Ser R
GWO.PR.S,Great West Lifeco Pref Ser S
GWO.PR.T,Great West Lifeco Pref Ser T
GWR,Global Water Resources Inc
GXE,Gear Energy Ltd
GXO,Granite Oil Corp
H,Hydro One Limited
H.IR,Hydro One Ltd Instal Rec 4.0 Pct Debs
HAB,Horizons Active Corporate Bond ETF
HAC,Horizons Seasonal Rotation ETF
HAD,Horizons Active CDN Bond ETF
HADM,Horizons Active Intl Dev Mkt Eqty ETF
HAF,Horizons Active Global Fixed Income ETF
HAJ,Horizons Active Emerging Mkts Div ETF
HAL,Horizons Active CDN Dividend ETF
HARC,Horizons Abs Return Global Currency ETF
HAU,Horizons Active US Dividend ETF
HAZ,Horizons Active Global Dividend ETF
HBAL,Horizons Balanced Tri ETF
HBB,Horizons CDN Select Universe Bond ETF
HBC,Hudsons Bay Company
HBD,Betapro Gold Bullion 2X Daily Bear ETF
HBF,Harvest Brand Leaders Plus Income ETF
HBF.U,Harvest Brand Leaders Plus Income ETF USD
HBG,Hamilton Capital Global Bank ETF
HBG.U,Hamilton Capital Global Bank ETF USD
HBL.UN,Brand Leaders Income Fund
HBLK,Blockchain Technologies ETF
HBM,Hudbay Minerals Inc
HBP,Helix Biopharm
HBU,Betapro Gold Bullion 2X Daily Bull ETF
HCB,Hamilton Capital Partners Inc Weight ETF
HCBB,Harvest Banks and Buildings Income ETF
HCG,Home Capital Group Inc
HCN,Horizons China High Dividend Yield ETF
HCON,Horizons Conservative Tri ETF
HDI,Hardwoods Distribution Inc
HE,Hanwei Energy Services Corp
HEA,Horizons Enhd Income US Equity ETF
HEA.U,Horizons Enhd Income US Equity USD ETF
HED,Betapro S&P TSX Cap Engy 2X Dly Bear ETF
HEE,Horizons Enhanced Income Energy ETF
HEF,Horizons Enhanced Income Fin ETF
HEJ,Horizons Enhd Inc Intl Equity ETF
HEMB,Horizons Active Emerging Mkts Bond ETF
HEP,Horizons Enhanced Income Gold Prod ETF
HERS,Evolve Na Gender Diversity Idx Hgd ETF
HERS.B,Evolve Na Gender Diversity Idx Uh ETF
HEU,Betapro S&P TSX Cap Engy 2X Dly Bull ETF
HEUR,Harvest European Leaders Income ETF
HEW,Horizons S&P TSX 60 Equal Wgt ETF
HEX,Horizons Enhanced Income Equity ETF
HEXO,Hexo Corp
HEXO.WT,The Hydropothecary Corporation Wts
HFD,Betapro S&P TSX Cap Fncl 2X Dly Bear ETF
HFMU,Hamilton Capital US Mid Financial Etfcad
HFMU.U,Hamilton Capital US Mid Financials ETF
HFP,Horizons Active Flt Rate Pref ETF
HFR,Horizons Active Floating Rate Bond ETF
HFU,Betapro S&P TSX Cap Fncl 2X Dly Bull ETF
HFY,Hamilton Capital Global Fin Yield ETF
HFY.U,Hamilton Capital Glbl Fin Yield ETF USD
HGD,Betapro CDN Gold Miners 2X Dly Bear ETF
HGI.UN,Global Telecom and Utilities In Fd
HGM,Horizons Managed Global Oppt ETF
HGR,Harvest Global REIT Leaders Income ETF
HGU,Betapro CDN Gold Miners 2X Dly Bull ETF
HGY,Horizons Gold Yield ETF
HHF,Horizons Morningstar Hdg Fd ETF
HHL,Harvest Healthcare Leaders Income ETF
HHL.U,Harvest Healthcare Leaders Income ETF USD
HID,Wisdomtree US High Div ETF
HID.B,Wisdomtree US High Div Idx ETF Nh
HIG,Global Healthcare Income Growth ETF
HII,Horizons CDN Insider Index ETF
HIU,Betapro Sp500 Daily Inverse ETF
HIX,Betapro S&P TSX 60 Daily Inverse ETF
HLC,Holloway Lodging Corp
HLC.DB,Holloway Lodging Corp 6.25 Pct Debs B
HLC.DB.A,Holloway Lodging Corp 7.50 Pct Debs C
HLF,High Liner
HMM.A,Hammond Manufacturing Co. Ltd Cl A. Sv
HMMJ,Horizons Marijuana Life Sciences ETF
HMMJ.U,Horizons Marijuana Life Sciences Idx USD
HMP,Horizons Active CDN Municipal Bond ETF
HND,Betapro Nat Gas 2X Daily Bear ETF
HNL,Horizon North Logistics Inc
HNU,Betapro Nat Gas 2X Daily Bull ETF
HNY,Horizons Natural Gas Yield ETF
HOD,Betapro Crude Oil 2X Daily Bear ETF
HOG,Horizons CDN Midstream Oil Gas ETF
HOM.U,Bsr Real Estate Investment Trust
HOT.DB.U,American Hotel Inc Prop REIT 5 Pct Debs
HOT.U,American Hotel Income Properties REIT US
HOT.UN,American Hotel Income Properties REIT LP
HOU,Betapro Crude Oil 2X Daily Bull ETF
HPF,Harvest Energy Leaders Plus Income ETF
HPF.U,Harvest Energy Leaders Plus Income ETF USD
HPR,Horizons Active Pref Share ETF
HPS.A,Hammond Power Solutions Inc Cl A. Sv
HQD,Betapro Nasdaq 100 2X Daily Bear ETF
HQU,Betapro Nasdaq 100 2X Daily Bull ETF
HR.UN,H&R Real Estate Inv Trust
HRA,Horizons Global Risk Parity ETF
HRES,Harvest Global Resource Leaders ETF
HRR.UN,Australian REIT Income Fund
HRT,Harte Gold Corp
HRX,Heroux-Devtek
HSD,Betapro Sp500 2X Daily Bear ETF
HSE,Husky Energy Inc
HSE.PR.A,Husky Energy Inc Pref Ser 1
HSE.PR.B,Husky Energy Inc Pref Ser 2
HSE.PR.C,Husky Energy Inc Pref Ser 3
HSE.PR.E,Husky Energy Inc Pref Ser 5
HSE.PR.G,Husky Energy Inc Pref Ser 7
HSH,Horizons Sp500 CAD Hedged Index ETF
HSL,Horizons Active Float Rate Sen Loan ETF
HSM,Helius Medical Technologies Inc
HSM.WT,Helius Medical Technologies Inc Wts
HSU,Betapro Sp500 2X Daily Bull ETF
HTA,Harvest Tech Achievers Growth & Income ETF
HTA.U,Harvest Tech Achievers Growth & Income ETF USD
HTB,Horizons US 7 To 10 Yr Treasury Bond ETF
HTB.U,Horizons US 7 To 10 Yr Treas Bd ETF USD
HTH,Horizons US 7 10 Yr Treas Bd CAD Heg ETF
HTO.UN,Global Water Solutions Fund
HUBL,Harvest US Bank Leaders Income ETF
HUBL.U,Harvest US Bank Leaders Income ETF USD
HUC,Horizons Crude Oil ETF
HUF,Horizons Active US Float Rate Bd ETF CAD
HUF.U,Horizons Active US Floating Rate Bd ETF
HUG,Horizons Gold ETF
HUL,Harvest US Equity Plus Income ETF
HUL.U,Harvest US Equity Plus Income ETF USD
HUN,Horizons Natural Gas ETF
HUV,Betapro Sp500 VIX ST Ftrs ETF
HUZ,Horizons Silver ETF
HWF.UN,Middlefield Healthcare Wellness Div
HWO,High Arctic Energy Services Inc
HXD,Betapro S&P TSX 60 2X Daily Bear ETF
HXDM,Horizons Intl Dev Mkts Equity Index ETF
HXDM.U,Horizons Intl Dev Mkts Eqty Idx USD ETF
HXE,Horizons S&P TSX Capped Energy Index ETF
HXF,Horizons S&P TSX Capped Fncl Index ETF
HXH,Horizons CDN High Dividend Index ETF
HXQ,Horizons Nasdaq 100 Index ETF
HXQ.U,Horizons Nasdaq 100 Index ETF USD
HXS,Horizons S&P 500 Index ETF
HXS.U,Horizons S&P 500 Index ETF USD
HXT,Horizons S&P Tsx60 Index ETF
HXT.U,Horizons S&P TSX 60 Index ETF USD
HXU,Betapro S&P TSX 60 2X Daily Bull ETF
HXX,Horizons Euro Stoxx 50 Index ETF
HYD,Hyduke Energy Services Inc
HYG,Hydrogenics Corp
HYI,Horizons Active High Yield Bond ETF
HZD,Betapro Silver 2X Daily Bear ETF
HZM,Horizonte Minerals Plc
HZU,Betapro Silver 2X Daily Bull ETF
IAG,Industrial Alliance Ins & Fin Srv Inc
IAG.PR.A,Industrial Alliance Ins & Fin Srv Ser B
IAG.PR.G,Industrial Alliance Pref Ser G
IAG.PR.I,Industrial Alliance Pref Ser I
IAM,Integrated Asset Management Corp
IBG,Ibi Group Inc
IBG.DB.D,Ibi Group Inc 5.50 Pct Debs
IBR,Iron Bridge Resources Inc
ICE,Canlan ICE Sports Corp
ICPB,Ia Clarington Core Plus Bond Fund
IDG,Indigo Books & Music Inc
IDR.UN,REIT Indexplus Income Fund
IEMB,Ia Clarington Emerging Mkts Bond Fund
IFA,Ifabric Corp
IFB.UN,Investment Grade Infrstrctr Bond Fund
IFC,Intact Financial Corp
IFC.PR.A,Intact Financial Corp Pref Cl A
IFC.PR.C,Intact Financial Corp Pref Cl A
IFC.PR.D,Intact Financial Corp Pref Shares Ser 4
IFC.PR.E,Intact Financial Corp Pref Cl A Ser 5
IFC.PR.F,Intact Financial Corp Pref Shares Ser 6
IFC.PR.G,Intact Financial Corp Pref Shares Ser 7
IFP,Interfor Corp
IGB,Purpose Mngd Duration Invest Bond ETF
IGCF,Pimco Investment Grade Credit Fund
IGM,Igm Financial Inc
IGM.PR.B,Igm Financial Inc 5.90 Pref Ser B
III,Imperial Metals Corp
IIP.UN,Interrent Real Estate Investment Trust
ILV,Powershares S&P Intl Dev Low Vol ETF
IMG,Iamgold Corp
IMO,Imperial Oil
IMP,Intermap Tech Corp
IMV,Immunovaccine Inc
IN,Inmed Pharmaceuticals In
IN.WT,Inmed Pharmaceuticals Inc Wts
INC.UN,Income Fin Un
INE,Innergex Renewable Energy Inc
INE.DB.A,Innergex Renewable Energy 4.25 Pct Debs
INE.DB.B,Innergex Renewable Energy 4.75 Pct Debs
INE.PR.A,Innergex Renewable Energy Pref Ser A
INE.PR.C,Innergex Renewable Energy Inc Pref Ser C
INO.UN,Inovalis REIT
INOC,Horizons Inovestor CDN Equity Index ETF
INQ,Inscape Corp Sv
INSR,BMO Glb Insurance Hgd To CAD ETF
INV,Inv Metals Inc
IPCI,Intellipharmaceutics International Inc
IPCO,International Petroleum Corp
IPL,Inter Pipeline Ltd
IPLP,Ipl Plastics Inc
IPO,Inplay Oil Corp
IQD,Wisdomtree Intl Qlty Div Gwth ETF
IQD.B,Wisdomtree Intl Qlty Div Gwth ETF Nh
IRON,Alderon Iron Ore Corp
ISV,Information Services Corp
ITC,Intrinsyc Technologies Corp
ITH,International Tower Hill Mines Ltd
ITP,Intertape Polymer
ITX,The Intertain Group Limited
IVN,Ivanhoe Mines Ltd
IVQ.DB.U,Invesque Inc 5.00 Pct Debs
IVQ.DB.V,Invesque Inc 6.00 Pct Debs USD
IVQ.U,Invesque Inc
JAG,Jaguar Mining Inc
JAPN,Wisdomtree Japan Equity Index ETF
JAPN.B,Wisdomtree Japan Equity Index ETF Nh
JE,Just Energy Group Inc
JE.DB.C,Just Energy Group Inc 6.75 Pct Debs
JE.DB.D,Just Energy Group Inc 6.75 Pct Debs
JE.PR.U,Just Energy Group Inc Pref USD
JFS.UN,Jft Strategies Fund
JOY,Journey Energy Inc
JWEL,Jamieson Wellness Inc
K,Kinross Gold Corp
KAT,Katanga Mining Limited
KBL,Kbro Linen Inc
KEG.UN,Keg Royalties Income Fund
KEL,Kelt Exploration Ltd
KEL.DB,Kelt Exploration Ltd 5.0 Pct Debs
KER,Kerr Mines Inc
KEW,Kew Media Group Inc
KEW.WT,Kew Media Group Inc Wts
KEY,Keyera Corp
KFS,Kingsway Fin
KFS.WT.V,Kingsway Fin Svcs Warrants Ser B USD
KILO,Purp Gld Bullion Tu
KILO.B,Purpose Gold Bullion Fund Non Hedged
KL,Kirkland Lake Gold Ltd
KLS,Kelso Technologies Inc
KML,Kinder Morgan Cda Ltd
KML.PR.A,Kinder Morgan Cda Ltd Pref Ser 1
KML.PR.C,Kinder Morgan Cda Ltd Pref Ser 3
KMP.UN,Killam Apartment REIT
KOR,Corvus Gold Inc
KPT,Kp Tissue Inc
KRN,Karnalyte Resources Inc
KWH.UN,Crius Energy Trust
KXS,Kinaxis Inc
L,Loblaw Co
L.PR.B,Loblaw Companies Ltd 2nd Pref Ser B
LAC,Lithium Americas Corp
LAM,Laramide Resources Ltd
LAS.A,Lassonde Industries Inc Cl A Sv
LB,Laurentian Bank
LB.PR.H,Laurentian Bank of Cda Pr Ser 13
LB.PR.J,Laurentian Bank of Cda Pr Ser 15
LBS,Life & Banc Split Corp
LBS.PR.A,Life & Banc Split Corp
LCS,Brompton Lifeco Split Corp Class A
LCS.PR.A,Brompton Lifeco Split Corp Pref Shares
LDGR,Coincapital Stoxx Blkchain Patents Inov
LFE,Canadian Life Companies Split Corp
LFE.PR.B,Canadian Life Split 2012 Pref Sh
LFX,Leadfx Inc
LGD,Liberty Gold Corp
LGD.WT,Liberty Gold Corp Wts
LGO,Largo Resources Ltd
LGT.A,Logistec Corporation Cl.A Mv
LGT.B,Logistec Corporation Cl.B Sv
LIF,Labrador Iron Ore Royalty Corp
LIFE,Evolve Glbl Healthcare Enhance Yld ETF
LIFE.B,Evolve Glbl Healthcare Enhance Yld Unheg
LINK,Evolve Blockchain ETF
LMC,Leagold Mining Corp
LN,Loncor Resources Inc
LNF,Leons Furniture
LNR,Linamar Corp
LS.UN,Middlefield Healthcare Ls Div Fd
LUC,Lucara Diamond Corp
LUG,Lundin Gold Inc
LUN,Lundin Mining Corp
LVN,Levon Resources Ltd
LVU.UN,Low Volatility US Equity Income Fund
LXR,Lxrandco Inc
LXR.WT,Lxrandco Inc Wts
LYD,Lydian International Limited
MAG,MAG Silver Corp
MAL,Magellan Aero
MAV,Mav Beauty Brands Inc
MAW,Mawson Resources Ltd
MAX,Midas Gold Inc
MAXR,Maxar Technologies Ltd
MBA,Cibt Education Group Inc
MBK.UN,Manulife US Regional Bank Trust
MBN,Mbn Corp
MBX,Microbix J
MCB,Mccoy Global Inc
MCLC,Manulife Mltfactor CDN Large Cap Uh ETF
MCSB,Mackenzie CDN Short Term Fixed Inc ETF
MCSM,Manulife Mulfact CDN Smid Cap Idx ETF
MDF,Mediagrif Interac
MDI,Major Drilling Grp
MDNA,Medicenna Therapeutics Corp
MDS.UN,Healthcare Special Opp Fund
ME,Moneta Porcupine J
MEE,Mackenzie Max Diverse Emg Mkts ETF
MEG,Meg Energy Corp
MEQ,Mainstreet Eq J
MEU,Mackenzie Max Diversif Dev EUR ETF
MFC,Manulife Fin
MFC.PR.B,Manulife Financial Cl A Pref Ser 2
MFC.PR.C,Manulife Financial Cl A Pref Ser 3
MFC.PR.F,Manulife Financial Cl 1 Sh Ser 3
MFC.PR.G,Manulife Financial Non Cum Cla 1 Ser 5
MFC.PR.H,Manulife Financial Pref Ser 7
MFC.PR.I,Manulife Financial Pref Ser 9
MFC.PR.J,Manulife Financial Class 1 Ser 11
MFC.PR.K,Manulife Financial Pref Ser 13
MFC.PR.L,Manulife Financial Pref Ser 15
MFC.PR.M,Manulife Financial Pref Ser 17
MFC.PR.N,Manulife Financial Pref Ser 19
MFC.PR.O,Manulife Financial Pref Ser 21
MFC.PR.P,Manulife Financial Class 1 Sh Ser 4
MFC.PR.Q,Manulife Financial Corp Pref Series 25
MFC.PR.R,Manulife Financial Pref Ser 23
MFI,Maple Leaf Foods
MFR.UN,Manulife Floating Rate Senior Loan Fund
MFT,Mackenzie Floating Rate Income ETF
MG,Magna International Inc
MGA,Mega Uranium Ltd
MGB,Mackenzie Core Pls Glob Fixed Inc ETF
MI.UN,Minto Apartment REIT
MIC,Genworth Mi Canada Inc
MID.UN,Mint Income Fund
MIN,Excelsior Mining Corp
MIND,Horizons Active Ai Global Equity ETF
MINT,Manulife Mltfactor Dev Intl Hgd ETF
MINT.B,Manulife Mltfactor Dev Intl Uh ETF
MIVG,Mackenzie Ivy Global Equity ETF
MKB,Mackenzie Core Pls CDN Fixed Income ETF
MKC,Mackenzie Max Dvrs Cda Index ETF
MKP,Mcan Mortgage Corp
MKZ.UN,Mackenzie Mstr Un
MLD.UN,Moneda Latam Corp Bond Fund
MMP.UN,Precious Metals and Mining Trust
MND,Mandalay Resources Corp
MNR,Mason Resources Corp
MNS,Royal CDN Mint CDN Silver Reserves Etr
MNS.U,Royal CDN Mint CDN Svr Reserves Etr USD
MNT,Royal Canadian Mint CDN Gold Reserves
MNT.U,Royal Canadian Mint CDN Gld Reserves USD
MOGO,Mogo Finance Technology Inc
MOGO.DB,Mogo Finance Tech Inc 10.0 Pct Debs
MOZ,Marathon Gold Corp
MPC,Madison Pac Cl B
MPC.C,Madison Pacific Properties Inc Cl.C Nv
MPCF,Mackenzie Portfolio Completion ETF
MPVD,Mountain Province Diamonds Inc
MR.DB,Melcor REIT 5.50 Pct Debs
MR.DB.A,Melcor REIT 5.25 Pct Debs
MR.UN,Melcor REIT
MRC,Morguard Corp
MRD,Melcor Dev
MRE,Martinrea International Inc
MRG.DB.A,Morguard Na REIT 4.50 Pct Debs
MRG.UN,Morguard Na Residential REIT Units
MRT.DB,Morguard REIT 4.50 Pct Debs
MRT.UN,Morguard Un
MRU,Metro Inc
MSI,Morneau Shepell Inc
MSI.DB.A,Morneau Shepell Inc 4.75 Pct Debs
MSV,Minco Silver Corp
MTL,Mullen Group Ltd
MTY,Mty Food Group Inc
MUB,Mackenzie Unconstrained Bond ETF
MULC,Manulife Mltfactor US Large Cap Hgd ETF
MULC.B,Manulife Mltfactor US Large Cap Uh ETF
MUMC,Manulife Mltfactor US Mid Cap Hgd ETF
MUMC.B,Manulife Mltfactor US Mid Cap Uh ETF
MUS,Mackenzie Max Dvrs US Index ETF
MUSC,Manulife Mulfact US Scap Idx ETF Hegd
MUSC.B,Manulife Mulfact US Scap Idx ETF Unheg
MUX,Mcewen Mining Inc
MWD,Mackenzie Max Diversif World Dev ETF
MX,Methanex Corp
MXF,First Asset Can-Materials Cvr Call ETF
MXG,Maxim Power Corp
MXU,Mackenzie Max Divers Wrld Dev Ex Na ETF
MYA,Maya Gold & Silver Inc
NA,National Bank of Canada
NA.PR.A,National Bank Pref Ser 36
NA.PR.C,National Bank Pref Ser 38
NA.PR.E,National Bank Pref Series 40
NA.PR.G,National Bank Pref Series 42
NA.PR.S,National Bank Pref Ser 30
NA.PR.W,National Bank Pref Ser 32
NA.PR.X,National Bank Pref Ser 34
NB,Niocorp Developments Ltd
NCC.A,Newfoundland Capital Corp Cl A Sv
NCC.B,Newfoundland Capital Corp. Cl B Mv
NCD.UN,Fa North American Covertibles Fund
NCF,Northcliff Resources Ltd
NCP,Nickel Creek Platinum Corp
NCU,Nevada Copper Corp
NDM,Northern Dynasty Minerals Ltd
NDM.WT.A,Northern Dynasty Minerals Ltd Wts A
NDM.WT.B,Northern Dynasty Minerals Ltd Wts B
NEO,NEO Performance Materials Inc
NEPT,Neptune Wellness Solutions Inc.
NEW.A,Newgrowth Cl A
NEW.PR.D,Newgrowth Corp Class B Pref Ser 3
NEXA,Nexa Resources S.A.
NEXT,Nextsource Materials Inc
NFI,New Flyer Industries Inc
NG,Novagold Res Inc
NGD,New Gold Inc
NGI.UN,Ndx Growth and Income Fund
NGQ,Ngex Resources Inc
NHK,Nighthawk Gold Corp
NIF.UN,Noranda Income Fund
NKO,Niko Res
NKO.NT,Niko Resources Ltd 7.00 Pct NTS
NML,New Millennium Iron Corp
NMX,Nemaska Lithium Inc
NMX.WT,Nemaska Lithium Inc Wts
NOA,North American Energy Partners Inc
NOA.DB,Na Energy Partners Inc 5.50 Pct Debs
NPF.UN,North American Pref Share Fund
NPI,Northland Power Inc
NPI.DB.B,Northland Power Inc 5.00 Pct Debs
NPI.DB.C,Northland Power Inc 4.75 Pct Debs
NPI.PR.A,Northland Power Pref Equity Inc
NPI.PR.B,Northland Power Inc Pref Ser 2
NPI.PR.C,Northland Power Inc Pref Ser 3
NPK,Verde Agritech Plc
NRGY.UN,Sprott Energy Opportunities Trust
NRI,Nuvo Pharmaceuticals Inc
NSU,Nevsun Res J
NTR,Nutrien Ltd
NUS,Nautilus Minerals Inc
NVA,Nuvista Energy Ltd
NVCN,Neovasc Inc
NVU.DB,Northview Apartment REIT 5.75 Pct Debs
NVU.UN,Northview Apartment REIT
NWC,The North West Company Inc
NWH.DB,Northwest Healthcare Prop REIT 5.25 Debs
NWH.DB.C,Northwest Healthcare Prop 7.25 Pct Debs
NWH.DB.D,Northwest Healthcare Prop 5.50 Pct Debs
NWH.DB.E,Northwest Healthcare Prop 5.25 Pct Debs
NWH.DB.F,Northwest Healthcare Prop 5.25 Pct Debs
NWH.UN,Northwest Healthcare Prop REIT
NXE,Nexgen Energy Ltd
NXF,First Asset Energy Giants Cov Call ETF
NXF.B,First Asset Energy Giants ETF Unhedged
NXJ,Nexj Systems Inc
NZC,Norzinc Ltd
OBE,Obsidian Energy Ltd
OCS.UN,Ocp Credit Strategy Fund
OGC,Oceanagold Corp
OGD,Orbit Garant Drilling Inc
OLA,Orla Mining Ltd
OLY,Olympia Financial Group Inc
OMI,Orosur Mining Inc
ONC,Oncolytics Bio
ONC.WT,Oncolytics Biotech Inc Wts
ONEB,One North Amer Tu
ONEQ,One Global Equity ETF
ONEX,Onex Corp
OPS,Opsens Inc
OPT,Optiva Inc
OR,Osisko Gold Royalties Ltd
OR.DB,Osisko Gold Royalties Ltd 4.00 Pct Debs
OR.WT,Osisko Gold Royalties Ltd Wts
OR.WT.A,Osisko Gold Royalties Ltd Wts A
ORA,Aura Minerals Inc
ORL,Orocobre Limited
ORV,Orvana Minerals J
OSB,Norbord Inc
OSK,Osisko Mining Inc
OSL.UN,Ocp Senior Credit Fund
OSP,Brompton Oil Split Corp
OSP.PR.A,Brompton Oil Split Corp Pref
OTEX,Open Text Corp
OXC,Oryx Petroleum Corporation Ltd
PAAS,Pan American Silver Corp
PAR.UN,Partners REIT Units
PATH,Counterpath Corp
PAY,Posera Ltd
PBD,Purpose Total Return Bond Fund ETF
PBH,Premium Brands Holdings Corp
PBH.DB.E,Premium Brands Hld Corp 4.65 Pct Debs
PBH.DB.F,Premium Brands Hld Corp 4.60 Pct Debs
PBH.DB.G,Premium Brands Holdings 4.65 Pct Debs
PBI,Purpose Best Ideas Fund ETF
PBI.B,Purpose Best Ideas Fund Non Hdg
PBL,Pollard Banknote Limited
PBY.UN,Canso Credit Income Fund Units
PCD.UN,Pathfinder Income Fund
PCY,Prophecy Development Corp
PD,Precision Drilling Corp
PDC,Powershares CDN Div ETF
PDF,Purpose Core Dividend Fund ETF
PDIV,Purpose Enhanced Dividend Fund ETF
PDL,North American Palladium Ltd
PDV,Prime Dividend Corp Cl A
PDV.PR.A,Prime Dividend Corp Pref
PEGI,Pattern Energy Group Inc
PEU,Purpose Enhanced US Equity Fund
PEU.B,Purpose Enhanced US Equity Fd Nc Hedg
PEY,Peyto Exploration and Dvlpmnt Corp
PFB,Pfb Corp
PFG,Purpose Global Financials Income ETF
PFH.F,Powershares HY Corp Bond Index ETF
PFL,Powershares 1 To 3 Yr Lad Float Rate ETF
PFT.UN,Canadian Pref Share Trust
PG,Premier Gold Mines Ltd
PGF,Pengrowth Energy Corp
PGI.UN,Pimco Global Inc Opportunities Fund
PGLC,Pershing Gold Corp
PHE,Purpose Tactical Hedged Equity Fund ETF
PHE.B,Purpose Tactical Hedged Equity Fund ETF
PHO,Photon Control Inc
PHR,Purpose Duration Hedged Real Estate ETF
PHW,Purpose Intl Tactical Hedged Equity ETF
PHX,Phx Energy Services Corp
PHYS,Sprott Physical Gold Trust CAD
PHYS.U,Sprott Physical Gold Trust USD
PIC.A,Premium Income A
PIC.PR.A,Premium Income Pr
PID,Purpose Intl Dividend Fund ETF
PIF,Polaris Infrastructure Inc
PIN,Purpose Monthly Income Fund ETF
PINC,Purpose Multi Asset Income Fund
PINV,Purpose Global Innovators Fund
PKI,Parkland Fuel Corp
PL,Pinnacle Renewable Holdings Inc
PLC,Park Lawn Corp
PLI,Prometic Life Sciences Inc
PLV,Powershares Low Vol Portfolio ETF
PLZ.DB.E,Plaza Retail REIT 5.10 Pct Debs
PLZ.UN,Plaza Retail REIT
PMB.UN,Picton Mahoney Tactical Income Fund
PME,Sentry Select Primary Metals Corp
PMIF,Pimco Monthly Income Fund
PMIF.U,Pimco Monthly Income Fund
PMM,Purpose Multi Strategy Mkt Neutral Fund
PMN,Promis Neurosciences Inc
PMT,Perpetual Energy Inc
PMTS,CPI Card Group Inc
PNC.A,Postmedia Network Canada Corp Cl A
PNC.B,Postmedia Network Canada Corp Cl B
PNE,Pine Cliff Energy Ltd
PNP,Pinetree Capital Ltd
POM,Polymet Mining Corp
PONY,Painted Pony Energy Ltd
POU,Paramount Resources Ltd
POW,Power Corporation of Canada Sv
POW.PR.A,Power Corp A Pr
POW.PR.B,Power Corp Pref Shares Series B
POW.PR.C,Power Corp of Canada 5.80%
POW.PR.D,Power Corp Non-Cum 1st Pfd Shs Ser D
POW.PR.E,Power Corp Part Pr
POW.PR.F,Power Corp 1st Pr
POW.PR.G,Power Corp of Canada 5.60 Pct Pref Ser G
PPL,Pembina Pipeline Corp
PPL.DB.F,Pembina Pipeline Corp 5.75 Pct Debs F
PPL.PF.A,Pembina Pipeline Corp Pref Ser 21
PPL.PR.A,Pembina Pipeline Corp Pref Class A
PPL.PR.C,Pembina Pipeline Corp Pref Ser 3
PPL.PR.E,Pembina Pipeline Corp Pref Ser 5
PPL.PR.G,Pembina Pipeline Corp Pref Ser 7
PPL.PR.I,Pembina Pipeline Corp Pref Ser 9
PPL.PR.K,Pembina Pipeline Corp Pref Ser 11
PPL.PR.M,Pembina Pipeline Corp Pref Ser 13
PPL.PR.O,Pembina Pipeline Corp Pref Series 15
PPL.PR.Q,Pembina Pipeline Corp Pref Series 17
PPL.PR.S,Pembina Pipeline Corp Pref Series 19
PPR,Prairie Provident Resources Inc
PPR.WT,Prairie Provident Resources Inc Wts
PPS,Powershares CDN Pref Share ETF
PR,Lysander Slater Pref Share Activ ETF
PRA,Purpose Diversified Real Asset Fund ETF
PRF.UN,Pinebridge Inv Grade Pref Sec Fund Units
PRM,Big Pharma Split Corp
PRM.PR.A,Big Pharma Split Corp Pref Shares
PRN,Profound Medical Corp
PRP,Purpose Conservative Income Fund ETF
PRQ,Petrus Resources Ltd
PRU,Perseus Mining Limited
PSA,Purpose High Interest Savings ETF
PSB,Pwrshrs 1 To 5 Yr Ladder Inv Grd Bd ETF
PSD,Pulse Seismic Inc
PSI,Pason Systems Inc
PSK,Prairiesky Royalty Ltd
PSLV,Sprott Physical Silver Trust CAD
PSLV.U,Sprott Physical Silver Trust USD
PSU.U,Purpose US Cash ETF
PSY,Pwrshr Glb Sharehldr Yield ETF
PTB,Powershares Tactical Bond ETF
PTG,Pivot Technology Solutions Inc
PTM,Platinum Group Metals Ltd
PTM.WT.U,Platinum Group Metals Ltd Wts
PTS,Points International Ltd
PUD,Purpose US Dividend Fund ETF
PUD.B,Purpose US Dividend Fund ETF Nc Hedged
PVG,Pretium Resources Inc
PVS.PR.B,Partners Value Split Corp Pref Ser 3
PVS.PR.D,Partners Value Split Corp Pref Ser 6
PVS.PR.E,Partners Value Split Corp Pref Ser 7
PVS.PR.F,Partners Value Split Corp Pref Ser 8
PWF,Power Financial Corp
PWF.PR.A,Power Fin Ser A Pr
PWF.PR.E,Power Fin Ser D Pr
PWF.PR.F,Power Financial Corp Pref Ser E
PWF.PR.G,Power Financial Corp 5.90% Pr Series F
PWF.PR.H,Power Financial Corp 5.75% Pr Series H
PWF.PR.I,Power Financial Corp 6% Series I
PWF.PR.K,Power Fin Corp 4.95% Ser K
PWF.PR.L,Power Financial Corp Series L Pfd
PWF.PR.O,Power Financial Corp 5.80 Pref Ser O
PWF.PR.P,Pwr Fnl Corp 4.40 Non Cumul Pref Ser P
PWF.PR.Q,Power Fin Corp 4.40 Pct Pref Ser Q
PWF.PR.R,Power Financial Corp 5.5 Pct Pref Ser R
PWF.PR.S,Power Financial Corp Pref Ser S
PWF.PR.T,Power Financial Corp 4.20 Pct Pref Ser T
PWF.PR.Z,Power Financial Corp 5.15 Pct Pref Ser V
PXC,Powershr FTSE RAFI CAD ETF
PXG,Pwrshr FTSE RAFI Global Plus Fdamntl ETF
PXS,Pwrshr FTSE RAFI US Fdamntl ETF II
PXS.U,Pwrshr FTSE RAFI US Fdamntl ETF USD II
PXT,Parex Resources Inc
PXU.F,Invesco FTSE RAFI U.S. Index ETF
PYF,Purpose Premium Yield Fund ETF
PZA,Pizza Pizza Royalty Corp
PZC,Pwrshr FTSE RAFI CDN Sml Mid Fdamntl ETF
PZW,Pwrshr FTSE RAFI Glb Sml Mid Fdamntl ETF
PZW.F,Powershares FTSE RAFI Glb Sml Mid Fndmtl
QAH,Mackenzie US Large Cap Eqty Idx CAD Hgd
QBB,Mackenzie CDN Aggregate Bond Index ETF
QBR.A,Quebecor Inc Cl.A Mv
QBR.B,Quebecor Inc Cl.B Sv
QCD,Quantshrs Enh Core CDN Equity ETF
QCE,Mackenzie CDN Large Cap Equity Index ETF
QCN,Mackenzie Canadian Equity Index ETF
QDX,Mackenzie International Equity Index ETF
QDXH,Mackenzie Intl Equity Index ETF CAD Hgd
QEC,Questerre Energy Corp
QEM,Quantshrs Enh Core Emg Mkt Eqt ETF
QHY,Mackenzie US High Yld Bnd Idx CAD Hgd
QIE,Quantshrs Enh Core Intl Equity ETF
QMA,Quantshrs Multiasset Allocation ETF
QQC.F,Powershares QQQ Index ETF
QSB,Mackenzie CDN Short Term Bond Index ETF
QSP.UN,Restaurant Brands Intl Ltd Partnership
QSR,Restaurant Brands International Inc
QTRH,Quarterhill Inc
QUS,Quantshrs Enh Core US Equity ETF
QUU,Mackenzie US Large Cap Equity Index ETF
QXM,F A Morningstar Nb Quebec ETF
R.WT,Red Eagle Mining Corporation Wts
RAI.UN,Real Asset Income and Growth Fund
RAY.A,Stingray Digital Group Inc Sv
RAY.B,Stingray Digital Group Inc Variable Sv
RAY.R,Stingray Digital Group Inc A Sub Receipt
RBA,Ritchie Bros Auctioneers Inc
RBDI,RBC Bluebay Global Income ETF
RBN.UN,Blue Ribbon Income Fund
RBNK,RBC CDN Bank Yield Index ETF
RBO,RBC 1 To 5 Yr Laddered Corp Bond ETF
RBOT,Horizons Robotics Automation Idx ETF
RBOT.U,Horizons Robotics and Automa Idx ETF USD
RCD,RBC Quant CDN Dividend Leaders ETF
RCE,RBC Quant Canadian Equity Leaders ETF
RCH,Richelieu Hardware Ltd
RCI.A,Rogers Communications Inc Cl.A Mv
RCI.B,Rogers Communications Inc Cl.B Nv
RCO.UN,Middlefield Can Global REIT Income Fund
RDL,Redline Communications Group Inc
REAL,Real Matters Inc
RECP,Recipe Unlimited Corp.
REI.UN,Riocan Real Est Un
REIT,Powershares Sptsx REIT Income Idx ETF
RET,Reitmans Canada
RET.A,Reitmans [Canada] Ltd Cl.A Nv
RFP,Resolute Forest Products Inc
RGRE,RBC Qnt Glbl Real Estate Ldrs
RGX,Argex Titanium Inc
RIB.UN,Ridgewood CAD Invest Grade Bond Fund
RID,RBC Quant EAFE Div Leaders ETF
RID.U,RBC Quant EAFE Div Leaders USD ETF
RIDH,RBC Quant EAFE Div Leaders ETF
RIE,RBC Quant EAFE Equity Leaders ETF
RIE.U,RBC Quant EAFE Equity Leaders ETF USD
RIEH,RBC Quant EAFE Equity Leaders CAD Heg ETF
RIG,RBC Quant Global Infras Leaders ETF
RIG.U,RBC Quant Global Infras Leaders ETF USD
RIT,First Asset Canadian REIT ETF
RLB,RBC 1 To 5 Year Laddered Can Bond ETF
RLD,RBC Strategic Global Div Leaders ETF
RLE,RBC Stategic Global Equity Leaders ETF
RMBO,RBC 6 To 10 Yr CDN Corp Bond ETF
RME,Rocky Mountain Dealerships Inc
RMX,Rubicon Minerals Corp
RNW,Transalta Renewables Inc
RNX,Royal Nickel Corp
ROOT,Roots Corporation
ROXG,Roxgold Inc
RPD,RBC Quant European Div Leaders ETF
RPD.U,RBC Quant European Div Leaders ETF USD
RPDH,RBC Quant European Div Leaders ETF
RPF,RBC Canadian Pref Share ETF
RPI.UN,Richards Packaging Income Fund
RPSB,RBC Phn Short Term CDN Bond ETF
RQF,RBC Target 2018 Corp Bond Index ETF
RQG,RBC Target 2019 Corp Bond Index ETF
RQH,RBC Target 2020 Corp Bond Index ETF
RQI,RBC Target 2021 Corp Bond Index ETF
RQJ,RBC Target 2022 Corp Bond ETF
RQK,RBC Target 2023 Corp Bond ETF
RSI,Rogers Sugar Inc
RSI.DB.E,Rogers Sugar Inc 5Pct Debs
RSI.DB.F,Rogers Sugar Inc 4.75 Pct Debs
RTG,Rtg Mining Inc
RTU.UN,CDN Resources Un
RUBH,RBC US Banks Yield CAD Hgd Index ETF
RUBY,RBC US Banks Yield Index ETF CAD
RUBY.U,RBC US Banks Yield Index ETF USD
RUD,RBC Quant US Div Leaders ETF
RUD.U,RBC Quant US Div Leaders USD ETF
RUDH,RBC Quant US Div Leaders ETF
RUE,RBC Quant US Equity Leaders ETF
RUE.U,RBC Quant US Equity Leaders ETF USD
RUEH,RBC Quant US Equity Leaders CAD Heg ETF
RUS,Russel Metals
RUSB,RBC Short Term US Corp Bond ETF
RUSB.U,RBC Short Term US Corp Bond USD
RVX,Resverlogix Corp
RVX.WT,Resverlogix Corp Wts
RWC,First Asset MSCI Canada Low Risk Wtd ETF
RWE,First Asset MSCI Europe Lr Wgtd ETF
RWE.B,First Asset MSCI Europe Lr Wgtd Unhg ETF
RWU,First Asset MSCI USA Lr Wgtd ETF
RWU.B,First Asset MSCI USA Lr Wgtd Unhedg ETF
RWW,First Asset MSCI World Low Risk Wtd ETF
RWW.B,First Asset MSCI Wld Lr Wtd Uh ETF
RWX,Fa MSCI Intl Low Risk Weighted ETF
RWX.B,Fa MSCI Intl Low Risk Weighted Unhgd ETF
RXD,RBC Quant Emrg Mkts Div Leaders ETF
RXD.U,RBC Quant Emrg Mkts Div Leaders ETF USD
RXE,RBC Quant Emrg Mkts Equity Leaders ETF
RXE.U,RBC Quant Emrg Mkts Eqt Leaders ETF USD
RY,Royal Bank of Canada
RY.PR.A,Royal Bank of Canada Prf Series Aa
RY.PR.C,Royal Bank of Can. First Pref Ser AC
RY.PR.D,RBC First Pref Shares Series Ad
RY.PR.E,RBC Non-Cum First Pr Shs. Series Ae
RY.PR.F,RBC Non-Cum First Pref Ser Af
RY.PR.G,RBC Non-Cum First Pr Series Ag
RY.PR.H,Royal Bank Pref Ser Bb
RY.PR.I,Royal Bank Pref Ser Aj
RY.PR.J,Royal Bank Pref Ser Bd
RY.PR.K,Royal Bank Pref Ser AK
RY.PR.L,Royal Bank Pref Ser Al
RY.PR.M,Royal Bank Pref Ser Bf
RY.PR.N,Royal Bank Pref Ser Bh
RY.PR.O,Royal Bank Pref Ser Bi
RY.PR.P,Royal Bank Pref Ser Bj
RY.PR.Q,Royal Bank Pref Ser Bk
RY.PR.R,Royal Bank Pref Ser Bm
RY.PR.S,RBC Pref Shares Series Bo
RY.PR.W,Royal Bank Pref 4.90% Ser. W
RY.PR.Z,RBC First Pref Sh Series Az
S,Sherritt Intl Rv
S.WT,Sherritt International Corporation Wts
SAM,Starcore International Mines Ltd
SAP,Saputo Inc
SAU,ST Augustine Gold and Copper Ltd
SBB,Sabina Gold and Silver Corp
SBC,Brompton Split Banc Corp Cl A
SBC.PR.A,Brompton Split Banc Corp Pref
SBI,Serabi Gold Plc
SBN,S Split Corp Cl.A
SBN.PR.A,S Split Corp Pref A
SBND,Purpose Sh Dur Tactical Bd Fd ETF
SBR,Silver Bear Resources Plc
SBT,Silver Bullion Trust ETF
SBT.B,Silver Bullion Trust CAD ETF Non Cur
SCAD,Scotia Strategic CDN Eqty ETF Portfolio
SCB,Street Capital Group Inc
SCL,Shawcor Ltd
SCU,The Second Cup Ltd
SCY,Scandium International Mining Corp
SDY,Strad Energy Services Ltd
SEA,Seabridge Gold Inc
SEC,Senvest Capital
SEED,Evolve Marijuana ETF
SES,Secure Energy Services Inc
SEV,Spectra7 Microsystems Inc
SEV.DB.A,Spectra7 Microsystems Inc 7.00 Pct Debs
SFD,Nxt Energy Solutions Inc
SFIX,Scotia Strategic Fixed Inc ETF Portfolio
SGQ,Southgobi Resources Ltd
SGY,Surge Energy Inc
SGY.DB,Surge Energy Inc 5.75 Pct Debs
SHC,Sphere FTSE Cda Sustainable Yld ETF
SHE,Sphere FTSE Euro Sustainable Yld ETF
SHLE,Source Energy Services Ltd
SHOP,Shopify Inc
SHZ,Sphere FTSE Emerg Mkts Yld ETF
SIA,Sienna Senior Living Inc
SID,First Asset US Trendleaders ETF
SII,Sprott Inc
SINT,Scotia Strategic Intl Eqty ETF Portfolio
SIS,Savaria Corp
SJ,Stella Jones Inc
SJR.B,Shaw Communications Inc Cl.B Nv
SJR.PR.A,Shaw Communications Inc Pref Ser A
SJR.PR.B,Shaw Communications Inc Pref Ser B
SKG.UN,Skylon Growth & Income Fund
SLF,Sun Life Financial Inc
SLF.PR.A,Sun Life Pref Ser 1
SLF.PR.B,Sun Life Pref Ser 2
SLF.PR.C,Sun Life Pref Ser 3
SLF.PR.D,Sun Life Pref Ser 4
SLF.PR.E,Sun Life Pref Ser 5
SLF.PR.G,Sun Life Pref Ser 8R
SLF.PR.H,Sun Life Pref Ser H
SLF.PR.I,Sun Life Pref Ser 12R
SLF.PR.J,Sun Life Pref Ser 9Qr
SLF.PR.K,Sun Life Pref Ser 11Qr
SLR,Solitario Zinc Corp
SMC,Sulliden Mining Capital Inc
SMF,SEMAFO J
SMT,Sierra Metals Inc
SMU.UN,Summit Industrial Income REIT
SNC,Snc-Lavalin Sv
SOLG,Solgold Plc
SOP,Soperior Fertilizer Corp
SOT.DB,Slate Office REIT 5.25 Pct Debs
SOT.UN,Slate Office REIT
SOX,Stuart Olson Inc
SOX.DB.A,Stuart Olson Inc 6 Pct Debs A
SOY,Sunopta Inc
SPB,Superior Plus Corp
SPG,Spark Power Group Inc
SPG.WT,Spark Power Group Inc Wts
SPPP,Sprott Physical Platinum Palladium CAD
SPPP.U,Sprott Physical Platinum Palladium USD
SQP,Strongco Corp
SRHI,Sprott Resource Holdings Inc
SRHI.WT,Sprott Resource Holdings Inc Wts
SRT.U,Slate Retail REIT USD
SRT.UN,Slate Retail REIT
SRU.UN,Smartcentres Real Estate Investment Trust
SRV.UN,Sir Royalty Income Fund
SRX,Storm Resources Ltd
SSF.UN,Symphony Floating Rate Sr Loan Fd
SSL,Sandstorm Gold Ltd
SSL.WT,Sandstorm Gold Ltd Wts
SSRM,Ssr Mining Inc
STEP,Step Energy Services Ltd
STGO,Steppe Gold Ltd
STLC,Stelco Holdings Inc
STN,Stantec Inc
STPL,BMO Glb Consumer Staples Hgd To CAD ETF
SU,Suncor Energy Inc
SUM,Solium Capital Inc
SUSA,Scotia Strategic US Eqty ETF Portfolio
SVB,Silver Bull Resources Inc
SVM,Silvercorp Metals Inc
SVR,Ishares Silver Bullion ETF Hdg
SVR.C,Ishares Silver Bullion ETF Non Hdg
SW,Sierra Wireless
SWH,Sunwah International Limited
SWP,Swiss Water Decaffeinated Coffee Inc.
SWY,Stornoway Diamond Corp
SWY.DB.U,Stornoway Diamond Corp 6.25 Pct USD Debs
SXI,Synex Intl J
SXP,Supremex Inc
SYLD,Purpose Strategic Yield Fund
T,Telus Corp
TA,Transalta Corp
TA.PR.D,Transalta Corp Prfd Series A
TA.PR.E,Transalta Corp Pref Ser B
TA.PR.F,Transalta Corp Pref Ser C
TA.PR.H,Transalta Corp Pref Sh Series E
TA.PR.J,Transalta Corp Pref Ser G
TAO,Tag Oil Ltd
TAO.WT,Tag Oil Ltd Wts
TBL,Taiga Building Products Ltd
TC,Tucows Inc
TCL.A,Transcontinental Inc Cl A Sv
TCL.B,Transcontinental Inc Cl B Mv
TCN,Tricon Capital Group Inc
TCN.DB.U,Tricon Capital Group 5.75 Pct Debs USD
TCS,Tecsys Inc J
TCT.UN,Top 10 Canadian Financial Trust
TCW,Trican Well
TD,Toronto-Dominion Bank
TD.PF.A,TD Bank Pref Ser 1
TD.PF.B,TD Bank Pref Ser 3
TD.PF.C,TD Bank Pref Ser 5
TD.PF.D,TD Bank Pref Ser 7
TD.PF.E,TD Bank Pref Ser 9
TD.PF.F,TD Bank Pref Ser 11
TD.PF.G,TD Bank Pref Ser 12
TD.PF.H,TD Bank Pref Ser 14
TD.PF.I,TD Bank Pref Ser 16
TD.PF.J,TD Bank Pref Series 18
TD.PF.K,TD Bank Pref Series 20
TD.PR.Y,TD Bank Pref Ser Y
TD.PR.Z,TD Bank Pref Ser Z
TDB,TD CDN Aggregate Bond Index ETF
TDG,Trinidad Drilling Ltd
TECK.A,Teck Resources Limited Cl A
TECK.B,Teck Resources Limited Cl B
TEI,Toscana Energy Income Corp
TEI.DB,Toscana Energy Income Corp 6.75 Pct Debs
TEV,Tervita Corporation
TEV.WT,Tervita Corporation Wts
TF,Timbercreek Financial Corp
TF.DB.A,Timbercreek Financial Corp 5.40 Pct Debs
TF.DB.B,Timbercreek Financial Corp 5.45 Pct Debs
TF.DB.C,Timbercreek Financial Corp 5.30 Pct Debs
TFII,Tfi International Inc
TGL,Transglobe Energy Corp
TGO,Terago Inc
TGOD,The Green Organic Dutchman Holdings Ltd
TGOD.WT,The Green Organic Dutchman Holdings Wts
TGZ,Teranga Gold Corp
TH,Theratechnologies
TH.DB.U,Theratechnologies 5.75 Pct Debs
The,TD Intl Equity CAD Hedge Index ETF
THNK,Coincapital Stoxx Brain Index Fund
THO,Tahoe Resources Inc
THU,TD S&P 500 CAD Hedge Index ETF
TI,Titan Mining Corporation
TIH,Toromont Ind
TIME,Evolve Active Short Dur Bond ETF
TKO,Taseko Mines Ltd
TLF,Tech Leaders Income ETF
TLG,Troilus Gold Corp
TLO,Talon Metals Corp
TLV,Powershares S&P TSX Low Vol ETF
TMD,Titan Medical Inc
TMD.WT.F,Titan Medical Inc Wts Cl F
TMD.WT.G,Titan Medical Inc Wts Cl G
TMD.WT.H,Titan Medical Inc Wts Cl H
TMD.WT.I,Titan Medical Inc Wts Cl I
TMI,Trimetals Mining Inc
TMI.B,Trimetals Mining Inc Class B
TML,Treasury Metals Inc
TMQ,Trilogy Metals Inc
TMR,Tmac Resources Inc
TNP,Transatlantic Petroleum Ltd
TNT.UN,True North Commercial REIT
TNX,Tanzanian Royalty Exploration Corp
TOF.UN,Taylor North American Eqy Opp Fd
TOG,Torc Oil and Gas Ltd
TOS,Tso3 Inc
TOT,Total Energy Services Inc
TOU,Tourmaline Oil Corp
TOY,Spin Master Corp
TPE,TD International Equity Index ETF
TPH,Temple Hotels Inc
TPH.DB.E,Temple Hotels Inc 7.25 Pct Debs
TPK,Ten Peaks Coffee Company Inc
TPU,TD S&P 500 Index ETF
TPX.A,Molson Coors Canada Inc Cl.A Lv
TPX.B,Molson Coors Canada Inc Cl.B Nv
TRI,Thomson Reuters Corp
TRI.PR.B,Thomson Reuters Corporation Prf Srs 2
TRIL,Trillium Therapeutics Inc
TRL,Trilogy International Partners Inc
TRL.WT,Trilogy International Partners Inc Wts
TRP,Transcanada Corp
TRP.PR.A,Transcanada Corp Pref Ser 1
TRP.PR.B,Transcanada Corp Pref Ser 3
TRP.PR.C,Transcanada Corp Pref Ser 5
TRP.PR.D,Transcanada Corp Pref Ser 7
TRP.PR.E,Transcanada Corp Pref Ser 9
TRP.PR.F,Transcanada Corp Pref Ser 2
TRP.PR.G,Transcanada Corp Pref Ser 11
TRP.PR.H,Transcanada Corp Pref Ser 4
TRP.PR.I,Transcanada Corp Pref Ser 6
TRP.PR.J,Transcanada Corp Pref Ser 13
TRP.PR.K,Transcanada Corp Pref Ser 15
TRQ,Turquoise Hill Resources Ltd
TRST,Canntrust Holdings Inc
TRZ,Transat At Inc
TS.B,Torstar Corp Cl. B Nv
TSGI,The Stars Group Inc
TSL,Tree Island Steel Ltd
TSU,Trisura Group Ltd
TTP,TD S&P TSX Capped Comp Index ETF
TUT.UN,Top 20 US Dividend Trust Cls A Units
TV,Trevali Mining Corp
TVA.B,Tva Group Inc Cl.B Nv
TVE,Tamarack Valley Energy Ltd
TVK,Terravest Capital Inc
TVK.DB,Terravest Capital Inc 7.00 Pct Debs
TWC,Twc Enterprises Limited
TWM,Tidewater Midstream and Infras Ltd
TXF,First Asset Tech Giants Covered Call ETF
TXF.B,First Asset Tech Giants Cov Call Unheg
TXG,Torex Gold Resources Inc
TXP,Touchstone Exploration Inc
TXT.PR.A,Top 10 Split Trust Pref A
TXT.UN,Top 10 Split Trust
TZS,Trez Capital Senior Mortgage Inv Corp
TZZ,Trez Capital Mortgage Inv Corp
U,Uranium Participation Co
UDA.UN,Caldwell US Dividend Adv Fund
UEX,Uex Corp
UFS,Domtar Corp
ULV.C,Powershares Sp500 Low Volatility ETF
ULV.F,Powershares Sp500 Low Volatility ETF
UMI,Wisdomtree US Midcap Div Idx Heg ETF
UNC,United Corp Ltd
UNC.PR.B,United Corp 59 Pr
UNG.PR.C,Union Gas 5-1/2% Pr
UNG.PR.D,Union Gas 6% B Pr
UNS,Uni Select Inc
UR,Urthecast Corp
URB,Urbana Corporation
URB.A,Urbana Corporation Cl A
URE,Ur-Energy Inc
USA,Americas Silver Corp
USB,Powershares Lad US 0 To 5 Yr Corp Bd ETF
USB.U,Powershares Lad US 0 To 5 Yr Corp Bd ETF USD
USF.UN,US Financials Income Fund
UTE.UN,Canadian Utilities Telecom Inc Fd
UWE,U3O8 Corp
UXM,Morningstar US Div Tgt 50 ETF
UXM.B,Morningstar US Div Tgt 50 ETF
VA,Vanguard FTSE Dev Asia Pac All Cap ETF
VAB,Vanguard CDN Aggregate Bond Index ETF
VAH,Vanguard FTSE Dev Asia Pac ETF CAD Hdg
VB,Versabank
VB.PR.A,Versabank Pref Ser 1
VB.PR.B,Versabank Pref Ser 3
VBAL,Vanguard Balanced ETF Portfolio
VBG,Vanguard Global Ex US Agg Bnd ETF
VBU,Vanguard US Agg Bond Index ETF CAD
VCB,Vanguard CDN Corporate Bond Index ETF
VCE,Vanguard FTSE Canada Index ETF
VCM,Vecima Networks Inc
VCN,Vanguard FTSE Canada All Cap ETF
VCNS,Vanguard Conservative ETF Portfolio
VDU,Vanguard FTSE Developed AC Ex US ETF
VDY,Vanguard FTSE CDN High Div Yld Index ETF
VE,Vanguard FTSE Dev Europe All Cap ETF
VEE,Vanguard FTSE Emerging Mkts All Cap ETF
VEF,Vanguard FTSE Dev AC Ex US ETF CAD Hdg
VEH,Vanguard FTSE Dev Europe ETF CAD Hdg
VET,Vermilion Energy Inc
VFF,Village Farms International Inc
VFV,Vanguard S&P 500 Index ETF
VGG,Vanguard US Div Appr ETF
VGH,Vanguard US Div Appr ETF CAD Hdg
VGRO,Vanguard Growth ETF Portfolio
VGV,Vanguard CDN Government Bond Index ETF
VGZ,Vista Gold Corp
VI,Vanguard FTSE Dev All Cap Na ETF
VIDY,Vanguard FTSE Dev Ex Na High Div Yld ETF
VII,Seven Generations Energy Ltd
VIU,Vanguard FTSE Dev All Cap Na ETF
VLB,Vanguard CDN Long Term Bond Index ETF
VLE,Valeura Energy Inc
VLN,Velan Inc Sv
VLQ,Vanguard Glob Liquidity Factor ETF
VMD,Viemed Healthcare Inc
VMO,Vanguard Glob Momentum Factor ETF
VNP,5N Plus Inc
VNP.DB,5N Plus Inc 5.75 Pct Debs
VNR,Valener Inc
VNR.PR.A,Valener Inc Pref Ser A
VRE,Vanguard FTSE CDN Capped REIT Index ETF
VSB,Vanguard CDN Short-Term Bond Index ETF
VSC,Vanguard CDN Short Term Corp Bd ETF
VSG,Vanguard CDN Sh Term Govt Bd Index ETF
VSP,Vanguard S&P 500 Index ETF CAD Hdg
VUN,Vanguard US Total Market ETF
VUS,Vanguard US Total Mkt ETF CAD Hdg
VVL,Vanguard Glob Val Factor ETF
VVO,Vanguard Global Min Vol ETF
VXC,Vanguard FTSE Glbl All Cap Ex Can ETF
VXM,F A Morningstar Intl Value ETF
VXM.B,F A Morningstar Intl Value ETF Unheg
W.PR.H,Westcoast 7 Pr
W.PR.J,Westcoast 8 Pr
W.PR.K,Westcoast Energy Inc Pref Ser 10
W.PR.M,Westcoast Energy Inc Pref Ser 12
WCN,Waste Connections Inc
WCP,Whitecap Resources Inc
WDO,Wesdome Gold Mines Ltd
WEED,Canopy Growth Corp
WEF,Western Forest Products Inc
WEQ,Westernone Inc
WEQ.DB,Westernone Inc 6.25 Pct Debs Series 3
WFC,Wall Financial
WFS,World Financial Split Corp
WFS.PR.A,World Financial Split Corp
WFT,West Fraser Timber Co Ltd
WIR.U,Wpt Industrial REIT USD
WJA,Westjet Airlines Ltd
WJX,Wajax Corp
WM,Wallbridge Mining Company Ltd
WN,Weston George
WN.PR.A,George Weston Pref Ser 1
WN.PR.C,George Weston 5.20% Pref Ser III
WN.PR.D,George Weston 5.2% Pref Ser IV
WN.PR.E,George Weston 4.75% Pref Ser V
WOMN,BMO Women In Leadership Fund
WPK,Winpak Ltd
WPM,Wheaton Precious Metals Corp
WPRT,Westport Fuel Systems Inc
WRG,Western Energy Services Corp
WRN,Western Copper and Gold Corp
WRX,Western Resources Corp
WSP,WSP Global Inc
WTE,Westshore Terminals Investment Corp
WXM,F A Morningstar Cda Momentum ETF
X,Tmx Group Limited
XAM,Xanadu Mines Ltd
XAU,Goldmoney Inc
XAW,Ishares Core MSCI All Cntry Ex Can ETF
XBB,Ishares Core CDN Universe Bond ETF
XBM,Ishares S&P TSX Global Base Mtls ETF
XCB,Ishares Canadian Corporate Bond ETF
XCD,Ishares S&P Global Cons Disc ETF
XCG,Ishares Canadian Growth Index ETF
XCH,Ishares China Index ETF
XCS,Ishares S&P TSX Smallcap Index ETF
XCT,Exactearth Ltd
XCV,Ishares Canadian Value Index ETF
XDG,Ishares Core MSCI Glo Qlty Div ETF
XDGH,Ishares Core MSCI Glo Qlty Div ETF
XDIV,Ishares Core MSCI CAD Qlty Div ETF
XDU,Ishares Core MSCI US Qlty Div ETF
XDUH,Ishares Core MSCI US Qlty Div ETF
XDV,Ishares Canadian Select Div Index ETF
XEB,Ishares JP Morgan USD Emerg Mkts Bd ETF
XEC,Ishares Core MSCI Emerging Mkts IMI ETF
XEF,Ishares Core MSCI EAFE IMI Index ETF
XEG,Ishares S&P TSX Capped Energy Index ETF
XEH,Ishares MSCI Europe IMI Index ETF
XEI,Ishares S&P TSX Comp High Div Index ETF
XEM,Ishares MSCI Emerging Markets ETF
XEN,Ishares Jantzi Social Index ETF
XEU,Ishares MSCI Europe IMI Index ETF
XFA,Ishares Edge MSCI Multifact USA Idx CAD
XFC,Ishares Edge MSCI Multifact Can ETF
XFF,Ishares Edge MSCI Multifact EAFE Idx CAD
XFH,Ishares Core MSCI EAFE IMI Index ETF
XFI,Ishares Edge MSCI Multifact EAFE ETF
XFN,Ishares S&P TSX Capped Financials ETF
XFR,Ishares Floating Rate Index ETF
XFS,Ishares Edge MSCI Multifact USA ETF
XGB,Ishares Canadian Govt Bond Index ETF
XGD,Ishares S&P/Tsx Global Gold Index ETF
XGI,Ishares S&P Global Industrials ETF
XHB,Ishares CDN Hybrid Corp Bond ETF
XHC,Ishares Global Healthcare Index ETF
XHD,Ishares US High Div Equity Index ETF
XHU,Ishares US High Div Equity Index ETF
XHY,Ishares US High Yield Bond Index ETF
XIC,Ishares Core S&P TSX Capped Comp ETF
XID,Ishares India Index ETF
XIG,Ishares US Ig Corporate Bond Index ETF
XIN,Ishares MSCI EAFE Index ETF
XIT,Ishares S&P TSX Capped Info Tech ETF
XIU,Ishares S&P TSX 60 Index ETF
XLB,Ishares Core CDN Long Term Bond ETF
XMA,Ishares S&P TSX Capped Materials ETF
XMC,Ishares S&P US Midcap Index ETF
XMD,Ishares S&P TSX Completion Index ETF
XMF.A,M Split Corp Capital Shares 2014
XMF.PR.B,M Split Corp Class I Pref Shares
XMF.PR.C,M Split Corp Class II Pref Shares 2014
XMH,Ishares S&P US Midcap Index ETF CAD Hgd
XMI,Ishares Edge MSCI Min Vol EAFE ETF
XML,Ishares Edge MSCI Mv EAFE ETF CAD Hgd
XMM,Ishares Edge MSCI Min Vol Emerg ETF
XMS,Ishares Edge MSCI Mv USA ETF CAD Hgd
XMU,Ishares Edge MSCI Min Vol USA ETF
XMV,Ishares Edge MSCI Min Vol Can ETF
XMW,Ishares Edge MSCI Min Vol Gbl ETF
XMY,Ishares Edge MSCI Mv Glbl ETF CAD Hgd
XPF,Ishares S&P TSX Na Pref Stock ETF
XQB,Ishares High Qlty Canadian Bond ETF
XQQ,Ishares Nasdaq 100 Index ETF
XRB,Ishares CDN Real Return Bond Index ETF
XRE,Ishares S&P TSX Capped REIT Index ETF
XSB,Ishares Core CDN Short Trm Bond ETF
XSC,Ishares Cons ST Strat Fix Inc ETF
XSE,Ishares Cons Strat Fix Inc ETF
XSH,Ishares Core CDN ST Corp Maple Bnd ETF
XSI,Ishares Short Term Strategic FI ETF
XSP,Ishares Core S&P 500 ETF CAD Hdg ETF
XSQ,Ishares ST Hi Qlty CDN Bond ETF
XST,Ishares S&P TSX Capped Cons Stpl ETF
XSU,Ishares US Small Cap Index ETF
XTC,Exco Tech
XTD,Tdb Split Corp Class A Shares
XTD.PR.A,Tdb Split Corp Priority Equity Shares
XTG,Xtra Gold Resources Corp
XTR,Ishares Diversified Monthly Income ETF
XUH,Ishares Core S&P US Total Mkt ETF CAD Heg
XUS,Ishares Core S&P 500 Index ETF
XUT,Ishares S&P TSX Capped Utilities ETF
XUU,Ishares Core S&P US Total Market ETF
XWD,Ishares MSCI World Index ETF
XXM,Fa Morningstar US Value Index ETF
XXM.B,Fa Morningstr US Value Idx Unhdgd ETF
Y,Yellow Pages Limited
Y.WT,Yellow Pages Limited Wts
YCM,Commerce Split Corp Capital Shares
YCM.PR.A,Commerce Split Corp Class I Pref Shares
YCM.PR.B,Commerce Split Corp Class II Pref Shares
YGR,Yangarra Resources Ltd
YPG.DB,Yp Digital and Media Sol 8 Pct Debs
YRB,Yorbeau Resources Inc
YRI,Yamana Gold Inc
YXM,Fa Morningstar US Momentum Index ETF
YXM.B,Fa Morningstar US Momentum Unhdgd ETF
ZAG,BMO Aggregate Bond Index ETF
ZAR,Zargon Oil and Gas Ltd
ZAR.DB.A,Zargon Oil and Gas Ltd 8.00 Pct Debs
ZBK,BMO Equal Weight US Bank ETF
ZCB,BMO Corporate Bond Index ETF
ZCH,BMO China Equity Index ETF
ZCL,Zcl Composites
ZCM,BMO Mid Corporate Bond ETF
ZCN,BMO S&P TSX Capped Comp ETF
ZCS,BMO Short Corp Bond ETF
ZCS.L,BMO Short Corporate Bond ETF
ZDB,BMO Discount Bond ETF
ZDH,BMO Intl Div CAD Hedge ETF
ZDI,BMO International Dividend ETF
ZDJ,BMO DJIA Hedged To CAD Index ETF
ZDM,BMO MSCI EAFE Hedged To CAD Index ETF
ZDV,BMO Canadian Dividend ETF
ZDY,BMO US Dividend ETF CAD
ZDY.U,BMO US Dividend ETF USD
ZEA,BMO MSCI EAFE ETF
ZEB,BMO S&P TSX Equal Weight Banks Index ETF
ZEF,BMO Emg Mkt Bond Hdgd To CAD ETF
ZEM,BMO MSCI Emerging Markets Index ETF
ZEO,BMO S&P TSX Eql Weight Oil Gas Index ETF
ZEQ,BMO MSCI EU Hq Hcad ETF
ZEUS,BMO Shiller Select US Index ETF
ZFH,BMO Floating Rate High Yield ETF
ZFL,BMO Long Fed Bond Index ETF
ZFM,BMO Mid Federal Bond Index ETF
ZFS,BMO Short Federal Bond Index ETF
ZFS.L,BMO Short Federal Bond Index ETF
ZGB,BMO Government Bond Index ETF
ZGD,BMO S&P TSX Eql Weight Glbl Gold ETF
ZGI,BMO Global Infrastructure Index ETF
ZGQ,BMO MSCI All Cntry Wrld High Qlty ETF
ZGSB,BMO Global Strategic Bond Fund
ZHP,BMO US Pref Share Hgd To CAD ETF
ZHY,BMO High Yld US Corp Bnd Hdg CAD ETF
ZIC,BMO Mid Term US Ig Corp Bond ETF
ZIC.U,BMO Mid Term US Ig Corp Bond ETF USD
ZID,BMO India Equity Index ETF
ZIN,BMO S&P TSX Equal Weight Indstrl ETF
ZJG,BMO Junior Gold Index ETF
ZJK,BMO High Yield US Corp Bond ETF
ZJN,BMO Junior Gas Index ETF
ZJO,BMO Junior Oil Index ETF
ZLB,BMO Low Volatility CAD Equity ETF
ZLC,BMO Long Corporate Bond Index ETF
ZLD,BMO Low Vol Intl Eqty Hed To CAD ETF
ZLE,BMO Low Vol Emerg Mkt Equity ETF
ZLH,BMO Low Vol US Eqty Hed To CAD ETF
ZLI,BMO Low Vol Intl Equity ETF
ZLU,BMO Low Volatility US Equity ETF CAD
ZLU.U,BMO Low Volatility US Equity ETF USD
ZMI,BMO Monthly Income ETF
ZMP,BMO Mid Provincial Bond Index ETF
ZMSB,BMO Global Multi Sector Bond Fund
ZMT,BMO Sptsx Eql Wgt Glb Metal Hed CAD ETF
ZMU,BMO Mid Term US Ig Corp Bd Hgd CAD Idx
ZPH,BMO US Put Write Hedged To CAD ETF
ZPL,BMO Long Provincial Bond Index ETF
ZPR,BMO Laddered Pref Share ETF
ZPS,BMO Short Provincial Bond Index ETF
ZPS.L,BMO Short Provincial Bond Index ETF
ZPW,BMO US Put Write ETF
ZPW.U,BMO US Put Write ETF USD
ZQQ,BMO Nasdaq 100 Hedged To CAD Index ETF
ZRE,BMO Equal Weight Reits Index ETF
ZRR,BMO Real Return Bond Index ETF
ZSB,BMO Short Term Bond Idx ETF
ZSP,BMO S&P 500 Index ETF
ZSP.U,BMO S&P 500 Index ETF USD
ZST,BMO Ultra Short Term Bond ETF
ZST.L,BMO Ultra Short Term Bond ETF
ZSU,BMO ST US Ig Corp Bond Hcad ETF
ZUB,BMO Eql Wgt US Bank Hdgd To CAD ETF
ZUD,BMO US Dividend Hedged To CAD ETF
ZUE,BMO S&P 500 Hedged CAD ETF
ZUH,BMO Eql Wgt US Hcare Hdgd To CAD ETF
ZUP,BMO US Pref Share Index ETF
ZUP.U,BMO US Pref Share Index ETF
ZUQ,BMO MSCI USA High Quality Index ETF
ZUT,BMO Equal Weight Utilities Index ETF
ZVC,BMO MSCI Cda Value Index ETF
ZVI,BMO MSCI EAFE Value Index ETF
ZVU,BMO MSCI USA Value Index ETF
ZWA,BMO Covered Call DJIA CAD ETF
ZWB,BMO Covered Call Canadian Banks ETF
ZWC,BMO CDN High Div Covered Call ETF
ZWE,BMO Europe High Div CC CAD Hedge ETF
ZWH,BMO US High Dividend Covered Call ETF
ZWH.U,BMO US High Dividend Cov Call ETF USD
ZWP,BMO Europe High Div Cov Call ETF
ZWS,BMO US High Div Cov Call Hgd ETF
ZWU,BMO Covered Call Utilities ETF
ZXM,F A Morningstar Intl Momentum ETF
ZXM.B,F A Morningstar Intl Momentum ETF Unhdg
ZYME,Zymeworks Inc
ZZZ,Sleep Country Canada Holdings Inc
